apt_name,report_id,created,last_update
leviathan,4734,2019-03-20 15:19:53.30889+01,2019-03-20 15:19:53.30889+01
naikon,4735,2019-03-20 15:20:41.17828+01,2019-03-20 15:20:41.17828+01
naikon,4736,2019-03-20 15:20:47.957146+01,2019-03-20 15:20:47.957146+01
naikon,4737,2019-03-20 15:20:54.965242+01,2019-03-20 15:20:54.965242+01
naikon,4738,2019-03-20 15:20:56.006888+01,2019-03-20 15:20:56.006888+01
equation,4739,2019-03-20 15:20:56.018009+01,2019-03-20 15:20:56.018009+01
equation,4740,2019-03-20 15:21:05.533825+01,2019-03-20 15:21:05.533825+01
lazarusgroup,4741,2019-03-20 15:21:05.598537+01,2019-03-20 15:21:05.598537+01
lazarusgroup,4742,2019-03-20 15:21:23.284552+01,2019-03-20 15:21:23.284552+01
lazarusgroup,4743,2019-03-20 15:21:24.268285+01,2019-03-20 15:21:24.268285+01
lazarusgroup,4744,2019-03-20 15:21:26.212634+01,2019-03-20 15:21:26.212634+01
lazarusgroup,4745,2019-03-20 15:21:27.032181+01,2019-03-20 15:21:27.032181+01
leafminer,4746,2019-03-20 15:21:27.047604+01,2019-03-20 15:21:27.047604+01
leafminer,4747,2019-03-20 15:21:35.508563+01,2019-03-20 15:21:35.508563+01
thrip,4748,2019-03-20 15:21:35.514231+01,2019-03-20 15:21:35.514231+01
thrip,4749,2019-03-20 15:21:41.854716+01,2019-03-20 15:21:41.854716+01
cleaver,4750,2019-03-20 15:21:41.860618+01,2019-03-20 15:21:41.860618+01
cleaver,4751,2019-03-20 15:21:59.363129+01,2019-03-20 15:21:59.363129+01
cleaver,4752,2019-03-20 15:22:03.141781+01,2019-03-20 15:22:03.141781+01
ke3chang,4753,2019-03-20 15:22:03.147935+01,2019-03-20 15:22:03.147935+01
ke3chang,4754,2019-03-20 15:22:14.245499+01,2019-03-20 15:22:14.245499+01
ke3chang,4755,2019-03-20 15:22:15.567635+01,2019-03-20 15:22:15.567635+01
duststorm,4756,2019-03-20 15:22:15.588211+01,2019-03-20 15:22:15.588211+01
duststorm,4757,2019-03-20 15:22:23.726482+01,2019-03-20 15:22:23.726482+01
apt12,4758,2019-03-20 15:22:23.79006+01,2019-03-20 15:22:23.79006+01
apt12,4759,2019-03-20 15:22:31.458604+01,2019-03-20 15:22:31.458604+01
apt12,4760,2019-03-20 15:22:32.509605+01,2019-03-20 15:22:32.509605+01
deeppanda,4761,2019-03-20 15:22:32.523204+01,2019-03-20 15:22:32.523204+01
deeppanda,4762,2019-03-20 15:22:40.464359+01,2019-03-20 15:22:40.464359+01
deeppanda,4763,2019-03-20 15:22:48.283364+01,2019-03-20 15:22:48.283364+01
deeppanda,4764,2019-03-20 15:22:50.665357+01,2019-03-20 15:22:50.665357+01
deeppanda,4765,2019-03-20 15:22:58.969098+01,2019-03-20 15:22:58.969098+01
ke3chang,4766,2019-03-20 15:23:02.229538+01,2019-03-20 15:23:02.229538+01
apt12,4766,2019-03-20 15:23:02.230808+01,2019-03-20 15:23:02.230808+01
deeppanda,4766,2019-03-20 15:23:02.231867+01,2019-03-20 15:23:02.231867+01
naikon,4766,2019-03-20 15:23:02.23437+01,2019-03-20 15:23:02.23437+01
group5,4767,2019-03-20 15:23:02.240754+01,2019-03-20 15:23:02.240754+01
winntigroup,4768,2019-03-20 15:23:08.97148+01,2019-03-20 15:23:08.97148+01
winntigroup,4769,2019-03-20 15:23:16.207765+01,2019-03-20 15:23:16.207765+01
winntigroup,4770,2019-03-20 15:23:17.303463+01,2019-03-20 15:23:17.303463+01
winntigroup,4771,2019-03-20 15:23:18.383387+01,2019-03-20 15:23:18.383387+01
winntigroup,4772,2019-03-20 15:23:18.509905+01,2019-03-20 15:23:18.509905+01
ke3chang,4773,2019-03-20 15:23:18.998153+01,2019-03-20 15:23:18.998153+01
winntigroup,4773,2019-03-20 15:23:18.999224+01,2019-03-20 15:23:18.999224+01
copykittens,4774,2019-03-20 15:23:19.005203+01,2019-03-20 15:23:19.005203+01
copykittens,4775,2019-03-20 15:23:27.278275+01,2019-03-20 15:23:27.278275+01
copykittens,4776,2019-03-20 15:23:28.261299+01,2019-03-20 15:23:28.261299+01
sowbug,4777,2019-03-20 15:23:28.284042+01,2019-03-20 15:23:28.284042+01
sowbug,4778,2019-03-20 15:23:34.346826+01,2019-03-20 15:23:34.346826+01
poseidongroup,4779,2019-03-20 15:23:34.356166+01,2019-03-20 15:23:34.356166+01
poseidongroup,4780,2019-03-20 15:23:41.179794+01,2019-03-20 15:23:41.179794+01
molerats,4781,2019-03-20 15:23:41.191852+01,2019-03-20 15:23:41.191852+01
molerats,4782,2019-03-20 15:23:48.2507+01,2019-03-20 15:23:48.2507+01
molerats,4783,2019-03-20 15:23:49.207314+01,2019-03-20 15:23:49.207314+01
molerats,4784,2019-03-20 15:23:50.166673+01,2019-03-20 15:23:50.166673+01
apt3,4785,2019-03-20 15:23:50.183316+01,2019-03-20 15:23:50.183316+01
apt3,4786,2019-03-20 15:23:57.179927+01,2019-03-20 15:23:57.179927+01
apt3,4787,2019-03-20 15:23:58.021627+01,2019-03-20 15:23:58.021627+01
apt3,4788,2019-03-20 15:23:59.409883+01,2019-03-20 15:23:59.409883+01
apt3,4789,2019-03-20 15:24:00.680321+01,2019-03-20 15:24:00.680321+01
apt3,4790,2019-03-20 15:24:01.960372+01,2019-03-20 15:24:01.960372+01
apt3,4791,2019-03-20 15:24:03.456344+01,2019-03-20 15:24:03.456344+01
apt30,4792,2019-03-20 15:24:03.464491+01,2019-03-20 15:24:03.464491+01
apt30,4738,2019-03-20 15:24:11.308621+01,2019-03-20 15:24:11.308621+01
apt30,4794,2019-03-20 15:24:32.429381+01,2019-03-20 15:24:32.429381+01
fin5,4795,2019-03-20 15:24:32.529108+01,2019-03-20 15:24:32.529108+01
fin5,4796,2019-03-20 15:24:41.128066+01,2019-03-20 15:24:41.128066+01
fin5,4797,2019-03-20 15:24:42.518371+01,2019-03-20 15:24:42.518371+01
fin5,4798,2019-03-20 15:24:43.579739+01,2019-03-20 15:24:43.579739+01
oilrig,4799,2019-03-20 15:24:43.584617+01,2019-03-20 15:24:43.584617+01
oilrig,4800,2019-03-20 15:24:52.316422+01,2019-03-20 15:24:52.316422+01
oilrig,4801,2019-03-20 15:24:52.546924+01,2019-03-20 15:24:52.546924+01
oilrig,4802,2019-03-20 15:24:54.686679+01,2019-03-20 15:24:54.686679+01
oilrig,4803,2019-03-20 15:24:57.047373+01,2019-03-20 15:24:57.047373+01
oilrig,4804,2019-03-20 15:24:58.012147+01,2019-03-20 15:24:58.012147+01
equation,4804,2019-03-20 15:24:58.013267+01,2019-03-20 15:24:58.013267+01
oilrig,4805,2019-03-20 15:25:00.486316+01,2019-03-20 15:25:00.486316+01
oilrig,4806,2019-03-20 15:25:00.720967+01,2019-03-20 15:25:00.720967+01
apt19,4807,2019-03-20 15:25:00.728844+01,2019-03-20 15:25:00.728844+01
apt19,4808,2019-03-20 15:25:07.680881+01,2019-03-20 15:25:07.680881+01
apt3,4766,2019-03-20 15:25:11.061525+01,2019-03-20 15:25:11.061525+01
winntigroup,4766,2019-03-20 15:25:11.062949+01,2019-03-20 15:25:11.062949+01
apt19,4766,2019-03-20 15:25:11.06479+01,2019-03-20 15:25:11.06479+01
apt19,4810,2019-03-20 15:25:13.774928+01,2019-03-20 15:25:13.774928+01
apt33,4811,2019-03-20 15:25:14.055381+01,2019-03-20 15:25:14.055381+01
apt3,4811,2019-03-20 15:25:14.056449+01,2019-03-20 15:25:14.056449+01
apt19,4811,2019-03-20 15:25:14.057319+01,2019-03-20 15:25:14.057319+01
apt12,4811,2019-03-20 15:25:14.058052+01,2019-03-20 15:25:14.058052+01
oilrig,4811,2019-03-20 15:25:14.058957+01,2019-03-20 15:25:14.058957+01
apt30,4811,2019-03-20 15:25:14.060166+01,2019-03-20 15:25:14.060166+01
apt19,4812,2019-03-20 15:25:14.979526+01,2019-03-20 15:25:14.979526+01
deeppanda,4812,2019-03-20 15:25:14.980767+01,2019-03-20 15:25:14.980767+01
rtm,4813,2019-03-20 15:25:14.985974+01,2019-03-20 15:25:14.985974+01
rtm,4814,2019-03-20 15:25:24.603236+01,2019-03-20 15:25:24.603236+01
monsoon,4815,2019-03-20 15:25:24.619212+01,2019-03-20 15:25:24.619212+01
threatgroup3390,4816,2019-03-20 15:25:30.458431+01,2019-03-20 15:25:30.458431+01
threatgroup3390,4817,2019-03-20 15:25:38.1525+01,2019-03-20 15:25:38.1525+01
threatgroup3390,4818,2019-03-20 15:25:39.43069+01,2019-03-20 15:25:39.43069+01
threatgroup3390,4819,2019-03-20 15:25:41.078872+01,2019-03-20 15:25:41.078872+01
threatgroup3390,4820,2019-03-20 15:25:41.445342+01,2019-03-20 15:25:41.445342+01
threatgroup3390,4821,2019-03-20 15:25:42.289331+01,2019-03-20 15:25:42.289331+01
threatgroup3390,4822,2019-03-20 15:25:43.323977+01,2019-03-20 15:25:43.323977+01
equation,4822,2019-03-20 15:25:43.365057+01,2019-03-20 15:25:43.365057+01
stealthfalcon,4823,2019-03-20 15:25:43.378039+01,2019-03-20 15:25:43.378039+01
suckfly,4824,2019-03-20 15:25:50.329617+01,2019-03-20 15:25:50.329617+01
suckfly,4769,2019-03-20 15:25:56.97647+01,2019-03-20 15:25:56.97647+01
suckfly,4826,2019-03-20 15:25:57.930788+01,2019-03-20 15:25:57.930788+01
strider,4827,2019-03-20 15:25:57.940193+01,2019-03-20 15:25:57.940193+01
strider,4828,2019-03-20 15:26:04.941643+01,2019-03-20 15:26:04.941643+01
strider,4829,2019-03-20 15:26:06.084722+01,2019-03-20 15:26:06.084722+01
equation,4829,2019-03-20 15:26:06.086845+01,2019-03-20 15:26:06.086845+01
strider,4830,2019-03-20 15:26:07.383386+01,2019-03-20 15:26:07.383386+01
equation,4830,2019-03-20 15:26:07.384421+01,2019-03-20 15:26:07.384421+01
neodymium,4831,2019-03-20 15:26:07.389972+01,2019-03-20 15:26:07.389972+01
neodymium,4832,2019-03-20 15:26:15.983493+01,2019-03-20 15:26:15.983493+01
neodymium,4833,2019-03-20 15:26:19.582474+01,2019-03-20 15:26:19.582474+01
neodymium,4834,2019-03-20 15:26:20.593098+01,2019-03-20 15:26:20.593098+01
blackoasis,4835,2019-03-20 15:26:20.598836+01,2019-03-20 15:26:20.598836+01
blackoasis,4836,2019-03-20 15:26:27.974016+01,2019-03-20 15:26:27.974016+01
oilrig,4837,2019-03-20 15:26:29.031742+01,2019-03-20 15:26:29.031742+01
blackoasis,4837,2019-03-20 15:26:29.03287+01,2019-03-20 15:26:29.03287+01
equation,4837,2019-03-20 15:26:29.033751+01,2019-03-20 15:26:29.033751+01
lazarusgroup,4837,2019-03-20 15:26:29.034563+01,2019-03-20 15:26:29.034563+01
blackoasis,4834,2019-03-20 15:26:29.525006+01,2019-03-20 15:26:29.525006+01
apt1,4839,2019-03-20 15:26:29.530137+01,2019-03-20 15:26:29.530137+01
apt1,4840,2019-03-20 15:26:40.490494+01,2019-03-20 15:26:40.490494+01
group5,4841,2019-03-20 15:26:51.290573+01,2019-03-20 15:26:51.290573+01
apt1,4841,2019-03-20 15:26:51.291516+01,2019-03-20 15:26:51.291516+01
ke3chang,4841,2019-03-20 15:26:51.292528+01,2019-03-20 15:26:51.292528+01
gamaredongroup,4842,2019-03-20 15:26:51.302941+01,2019-03-20 15:26:51.302941+01
gamaredongroup,4843,2019-03-20 15:27:02.436347+01,2019-03-20 15:27:02.436347+01
fin7,4844,2019-03-20 15:27:02.569623+01,2019-03-20 15:27:02.569623+01
fin7,4845,2019-03-20 15:27:09.107012+01,2019-03-20 15:27:09.107012+01
fin7,4846,2019-03-20 15:27:10.168304+01,2019-03-20 15:27:10.168304+01
fin7,4847,2019-03-20 15:27:10.676212+01,2019-03-20 15:27:10.676212+01
fin7,4848,2019-03-20 15:27:11.25491+01,2019-03-20 15:27:11.25491+01
fin7,4849,2019-03-20 15:27:12.168603+01,2019-03-20 15:27:12.168603+01
fin7,4850,2019-03-20 15:27:13.269188+01,2019-03-20 15:27:13.269188+01
moafee,4851,2019-03-20 15:27:13.387768+01,2019-03-20 15:27:13.387768+01
moafee,4852,2019-03-20 15:27:21.140235+01,2019-03-20 15:27:21.140235+01
muddywater,4853,2019-03-20 15:27:21.147999+01,2019-03-20 15:27:21.147999+01
fin7,4854,2019-03-20 15:27:30.81269+01,2019-03-20 15:27:30.81269+01
muddywater,4854,2019-03-20 15:27:30.974335+01,2019-03-20 15:27:30.974335+01
muddywater,4855,2019-03-20 15:27:32.08731+01,2019-03-20 15:27:32.08731+01
orangeworm,4856,2019-03-20 15:27:32.266013+01,2019-03-20 15:27:32.266013+01
orangeworm,4857,2019-03-20 15:27:39.590964+01,2019-03-20 15:27:39.590964+01
patchwork,4858,2019-03-20 15:27:39.596994+01,2019-03-20 15:27:39.596994+01
patchwork,4859,2019-03-20 15:27:48.813782+01,2019-03-20 15:27:48.813782+01
patchwork,4860,2019-03-20 15:27:51.674149+01,2019-03-20 15:27:51.674149+01
apt1,4860,2019-03-20 15:27:51.675435+01,2019-03-20 15:27:51.675435+01
patchwork,4861,2019-03-20 15:27:52.927896+01,2019-03-20 15:27:52.927896+01
patchwork,4862,2019-03-20 15:27:55.973382+01,2019-03-20 15:27:55.973382+01
monsoon,4862,2019-03-20 15:27:55.974488+01,2019-03-20 15:27:55.974488+01
patchwork,4863,2019-03-20 15:27:59.891782+01,2019-03-20 15:27:59.891782+01
monsoon,4863,2019-03-20 15:27:59.893117+01,2019-03-20 15:27:59.893117+01
patchwork,4864,2019-03-20 15:29:23.226787+01,2019-03-20 15:29:23.226787+01
patchwork,4865,2019-03-20 15:29:24.318602+01,2019-03-20 15:29:24.318602+01
nightdragon,4866,2019-03-20 15:29:24.341587+01,2019-03-20 15:29:24.341587+01
nightdragon,4867,2019-03-20 15:29:37.046834+01,2019-03-20 15:29:37.046834+01
nightdragon,4868,2019-03-20 15:29:39.683387+01,2019-03-20 15:29:39.683387+01
darkhotel,4869,2019-03-20 15:29:39.6913+01,2019-03-20 15:29:39.6913+01
darkhotel,4736,2019-03-20 15:29:45.863308+01,2019-03-20 15:29:45.863308+01
sandwormteam,4871,2019-03-20 15:29:45.870185+01,2019-03-20 15:29:45.870185+01
sandwormteam,4872,2019-03-20 15:29:52.568885+01,2019-03-20 15:29:52.568885+01
sandwormteam,4873,2019-03-20 15:29:57.527074+01,2019-03-20 15:29:57.527074+01
sandwormteam,4874,2019-03-20 15:31:14.820887+01,2019-03-20 15:31:14.820887+01
fin10,4875,2019-03-20 15:31:14.827051+01,2019-03-20 15:31:14.827051+01
fin10,4876,2019-03-20 15:31:22.480079+01,2019-03-20 15:31:22.480079+01
apt34,4877,2019-03-20 15:31:22.486179+01,2019-03-20 15:31:22.486179+01
dragonfly20,4878,2019-03-20 15:31:30.609693+01,2019-03-20 15:31:30.609693+01
dragonfly20,4879,2019-03-20 15:31:37.762462+01,2019-03-20 15:31:37.762462+01
dragonfly20,4880,2019-03-20 15:31:39.887021+01,2019-03-20 15:31:39.887021+01
dragonfly20,4881,2019-03-20 15:31:40.401302+01,2019-03-20 15:31:40.401302+01
honeybee,4882,2019-03-20 15:31:40.410584+01,2019-03-20 15:31:40.410584+01
honeybee,4883,2019-03-20 15:31:48.662101+01,2019-03-20 15:31:48.662101+01
dragonok,4884,2019-03-20 15:31:48.682628+01,2019-03-20 15:31:48.682628+01
moafee,4885,2019-03-20 15:31:57.025991+01,2019-03-20 15:31:57.025991+01
dragonok,4885,2019-03-20 15:31:57.027264+01,2019-03-20 15:31:57.027264+01
dragonok,4886,2019-03-20 15:32:00.110034+01,2019-03-20 15:32:00.110034+01
darkcaracal,4887,2019-03-20 15:32:00.115681+01,2019-03-20 15:32:00.115681+01
darkcaracal,4888,2019-03-20 15:32:31.645439+01,2019-03-20 15:32:31.645439+01
magichound,4889,2019-03-20 15:32:31.679541+01,2019-03-20 15:32:31.679541+01
magichound,4890,2019-03-20 15:32:43.224794+01,2019-03-20 15:32:43.224794+01
magichound,4891,2019-03-20 15:32:45.576444+01,2019-03-20 15:32:45.576444+01
threatgroup3390,4892,2019-03-20 15:32:47.362105+01,2019-03-20 15:32:47.362105+01
magichound,4892,2019-03-20 15:32:47.363383+01,2019-03-20 15:32:47.363383+01
apt33,4893,2019-03-20 15:32:54.617271+01,2019-03-20 15:32:54.617271+01
magichound,4893,2019-03-20 15:32:54.620566+01,2019-03-20 15:32:54.620566+01
oilrig,4893,2019-03-20 15:32:54.621623+01,2019-03-20 15:32:54.621623+01
bronzebutler,4894,2019-03-20 15:32:54.627307+01,2019-03-20 15:32:54.627307+01
bronzebutler,4895,2019-03-20 15:33:05.754894+01,2019-03-20 15:33:05.754894+01
bronzebutler,4896,2019-03-20 15:33:07.892344+01,2019-03-20 15:33:07.892344+01
threatgroup3390,4896,2019-03-20 15:33:07.893986+01,2019-03-20 15:33:07.893986+01
bronzebutler,4897,2019-03-20 15:33:08.66563+01,2019-03-20 15:33:08.66563+01
cobaltgroup,4898,2019-03-20 15:33:08.671915+01,2019-03-20 15:33:08.671915+01
cobaltgroup,4899,2019-03-20 15:33:16.215922+01,2019-03-20 15:33:16.215922+01
equation,4899,2019-03-20 15:33:16.217464+01,2019-03-20 15:33:16.217464+01
cobaltgroup,4900,2019-03-20 15:33:19.714803+01,2019-03-20 15:33:19.714803+01
cobaltgroup,4901,2019-03-20 15:33:20.433518+01,2019-03-20 15:33:20.433518+01
cobaltgroup,4902,2019-03-20 15:33:20.737131+01,2019-03-20 15:33:20.737131+01
cobaltgroup,4903,2019-03-20 15:33:22.097911+01,2019-03-20 15:33:22.097911+01
cobaltgroup,4904,2019-03-20 15:33:23.324588+01,2019-03-20 15:33:23.324588+01
cobaltgroup,4905,2019-03-20 15:33:24.120687+01,2019-03-20 15:33:24.120687+01
cobaltgroup,4906,2019-03-20 15:33:25.128879+01,2019-03-20 15:33:25.128879+01
cobaltgroup,4907,2019-03-20 15:33:25.588472+01,2019-03-20 15:33:25.588472+01
fin8,4908,2019-03-20 15:33:25.593432+01,2019-03-20 15:33:25.593432+01
fin8,4909,2019-03-20 15:33:34.172563+01,2019-03-20 15:33:34.172563+01
fin7,4909,2019-03-20 15:33:34.173882+01,2019-03-20 15:33:34.173882+01
apt19,4909,2019-03-20 15:33:34.174691+01,2019-03-20 15:33:34.174691+01
fin8,4910,2019-03-20 15:33:35.195605+01,2019-03-20 15:33:35.195605+01
ta459,4911,2019-03-20 15:33:35.199981+01,2019-03-20 15:33:35.199981+01
ta459,4912,2019-03-20 15:33:46.749906+01,2019-03-20 15:33:46.749906+01
threatgroup1314,4913,2019-03-20 15:33:46.764148+01,2019-03-20 15:33:46.764148+01
threatgroup3390,4914,2019-03-20 15:33:57.692238+01,2019-03-20 15:33:57.692238+01
threatgroup1314,4914,2019-03-20 15:33:57.693348+01,2019-03-20 15:33:57.693348+01
darkhydrus,4915,2019-03-20 15:33:57.699346+01,2019-03-20 15:33:57.699346+01
darkhydrus,4916,2019-03-20 15:34:07.194239+01,2019-03-20 15:34:07.194239+01
patchwork,4806,2019-03-20 15:34:07.521277+01,2019-03-20 15:34:07.521277+01
bronzebutler,4806,2019-03-20 15:34:07.560803+01,2019-03-20 15:34:07.560803+01
darkhydrus,4806,2019-03-20 15:34:07.562752+01,2019-03-20 15:34:07.562752+01
dragonok,4806,2019-03-20 15:34:07.563876+01,2019-03-20 15:34:07.563876+01
dragonfly,4918,2019-03-20 15:34:07.571699+01,2019-03-20 15:34:07.571699+01
dragonfly,4919,2019-03-20 15:34:20.102491+01,2019-03-20 15:34:20.102491+01
dragonfly,4880,2019-03-20 15:34:20.460653+01,2019-03-20 15:34:20.460653+01
dragonfly,4881,2019-03-20 15:34:20.703613+01,2019-03-20 15:34:20.703613+01
elderwood,4922,2019-03-20 15:34:20.708199+01,2019-03-20 15:34:20.708199+01
elderwood,4923,2019-03-20 15:34:35.240691+01,2019-03-20 15:34:35.240691+01
taidoor,4923,2019-03-20 15:34:35.24243+01,2019-03-20 15:34:35.24243+01
elderwood,4924,2019-03-20 15:34:38.951594+01,2019-03-20 15:34:38.951594+01
apt1,4924,2019-03-20 15:34:38.953817+01,2019-03-20 15:34:38.953817+01
elderwood,4925,2019-03-20 15:34:40.594811+01,2019-03-20 15:34:40.594811+01
apt29,4926,2019-03-20 15:34:40.600457+01,2019-03-20 15:34:40.600457+01
apt29,4927,2019-03-20 15:34:49.77251+01,2019-03-20 15:34:49.77251+01
leviathan,4927,2019-03-20 15:34:49.774324+01,2019-03-20 15:34:49.774324+01
apt29,4928,2019-03-20 15:34:50.842512+01,2019-03-20 15:34:50.842512+01
dragonfly,4929,2019-03-20 15:34:51.937154+01,2019-03-20 15:34:51.937154+01
apt29,4929,2019-03-20 15:34:51.938722+01,2019-03-20 15:34:51.938722+01
sandwormteam,4929,2019-03-20 15:34:51.943136+01,2019-03-20 15:34:51.943136+01
axiom,4930,2019-03-20 15:34:51.997432+01,2019-03-20 15:34:51.997432+01
axiom,4931,2019-03-20 15:34:59.85721+01,2019-03-20 15:34:59.85721+01
axiom,4932,2019-03-20 15:35:01.65548+01,2019-03-20 15:35:01.65548+01
axiom,4771,2019-03-20 15:35:03.998077+01,2019-03-20 15:35:03.998077+01
axiom,4772,2019-03-20 15:35:04.081697+01,2019-03-20 15:35:04.081697+01
apt28,4936,2019-03-20 15:35:04.299404+01,2019-03-20 15:35:04.299404+01
apt28,4937,2019-03-20 15:35:15.943702+01,2019-03-20 15:35:15.943702+01
magichound,4937,2019-03-20 15:35:15.945133+01,2019-03-20 15:35:15.945133+01
apt12,4937,2019-03-20 15:35:15.946266+01,2019-03-20 15:35:15.946266+01
apt28,4938,2019-03-20 15:35:17.870323+01,2019-03-20 15:35:17.870323+01
apt29,4938,2019-03-20 15:35:17.872655+01,2019-03-20 15:35:17.872655+01
apt28,4939,2019-03-20 15:35:19.03758+01,2019-03-20 15:35:19.03758+01
equation,4939,2019-03-20 15:35:19.039802+01,2019-03-20 15:35:19.039802+01
apt28,4928,2019-03-20 15:35:19.876155+01,2019-03-20 15:35:19.876155+01
apt28,4941,2019-03-20 15:35:21.663362+01,2019-03-20 15:35:21.663362+01
threatgroup3390,4941,2019-03-20 15:35:21.665977+01,2019-03-20 15:35:21.665977+01
apt28,4942,2019-03-20 15:35:22.874465+01,2019-03-20 15:35:22.874465+01
apt28,4929,2019-03-20 15:35:24.012241+01,2019-03-20 15:35:24.012241+01
apt28,4945,2019-03-20 15:35:26.652812+01,2019-03-20 15:35:26.652812+01
apt28,4946,2019-03-20 15:35:28.780924+01,2019-03-20 15:35:28.780924+01
apt28,4947,2019-03-20 15:35:33.679198+01,2019-03-20 15:35:33.679198+01
promethium,4948,2019-03-20 15:35:33.687045+01,2019-03-20 15:35:33.687045+01
promethium,4832,2019-03-20 15:35:42.428974+01,2019-03-20 15:35:42.428974+01
apt28,4833,2019-03-20 15:35:46.338202+01,2019-03-20 15:35:46.338202+01
promethium,4833,2019-03-20 15:35:46.34421+01,2019-03-20 15:35:46.34421+01
apt17,4951,2019-03-20 15:35:46.37258+01,2019-03-20 15:35:46.37258+01
apt17,4952,2019-03-20 15:35:55.626321+01,2019-03-20 15:35:55.626321+01
apt1,4952,2019-03-20 15:35:55.627528+01,2019-03-20 15:35:55.627528+01
menupass,4953,2019-03-20 15:35:55.632376+01,2019-03-20 15:35:55.632376+01
menupass,4954,2019-03-20 15:36:05.614718+01,2019-03-20 15:36:05.614718+01
apt12,4955,2019-03-20 15:36:07.390629+01,2019-03-20 15:36:07.390629+01
menupass,4955,2019-03-20 15:36:07.39269+01,2019-03-20 15:36:07.39269+01
menupass,4956,2019-03-20 15:36:10.636975+01,2019-03-20 15:36:10.636975+01
apt1,4956,2019-03-20 15:36:10.638189+01,2019-03-20 15:36:10.638189+01
menupass,4957,2019-03-20 15:36:13.694321+01,2019-03-20 15:36:13.694321+01
threatgroup3390,4957,2019-03-20 15:36:13.69612+01,2019-03-20 15:36:13.69612+01
nightdragon,4957,2019-03-20 15:36:13.698136+01,2019-03-20 15:36:13.698136+01
apt1,4957,2019-03-20 15:36:13.701511+01,2019-03-20 15:36:13.701511+01
ke3chang,4957,2019-03-20 15:36:13.702774+01,2019-03-20 15:36:13.702774+01
apt19,4957,2019-03-20 15:36:13.703895+01,2019-03-20 15:36:13.703895+01
menupass,4958,2019-03-20 15:36:14.889705+01,2019-03-20 15:36:14.889705+01
menupass,4959,2019-03-20 15:36:18.147451+01,2019-03-20 15:36:18.147451+01
rancor,4960,2019-03-20 15:36:18.164655+01,2019-03-20 15:36:18.164655+01
apt28,4961,2019-03-20 15:36:29.743935+01,2019-03-20 15:36:29.743935+01
rancor,4961,2019-03-20 15:36:29.745227+01,2019-03-20 15:36:29.745227+01
apt32,4962,2019-03-20 15:36:29.771694+01,2019-03-20 15:36:29.771694+01
apt32,4963,2019-03-20 15:36:37.279708+01,2019-03-20 15:36:37.279708+01
apt32,4964,2019-03-20 15:36:38.197289+01,2019-03-20 15:36:38.197289+01
apt32,4965,2019-03-20 15:36:42.493885+01,2019-03-20 15:36:42.493885+01
admin338,4966,2019-03-20 15:36:42.500703+01,2019-03-20 15:36:42.500703+01
admin338,4967,2019-03-20 15:36:50.050444+01,2019-03-20 15:36:50.050444+01
charmingkitten,4968,2019-03-20 15:36:50.062119+01,2019-03-20 15:36:50.062119+01
charmingkitten,4891,2019-03-20 15:37:00.31526+01,2019-03-20 15:37:00.31526+01
apt18,4970,2019-03-20 15:37:00.380192+01,2019-03-20 15:37:00.380192+01
threatgroup3390,4971,2019-03-20 15:37:11.230626+01,2019-03-20 15:37:11.230626+01
apt18,4971,2019-03-20 15:37:11.23173+01,2019-03-20 15:37:11.23173+01
apt18,4972,2019-03-20 15:37:12.77721+01,2019-03-20 15:37:12.77721+01
turla,4973,2019-03-20 15:37:12.786852+01,2019-03-20 15:37:12.786852+01
turla,4974,2019-03-20 15:37:20.9327+01,2019-03-20 15:37:20.9327+01
turla,4975,2019-03-20 15:37:22.932134+01,2019-03-20 15:37:22.932134+01
turla,4976,2019-03-20 15:37:24.281986+01,2019-03-20 15:37:24.281986+01
apt28,4976,2019-03-20 15:37:24.283145+01,2019-03-20 15:37:24.283145+01
turla,4977,2019-03-20 15:37:31.464122+01,2019-03-20 15:37:31.464122+01
apt28,4978,2019-03-20 15:37:32.704708+01,2019-03-20 15:37:32.704708+01
sandwormteam,4978,2019-03-20 15:37:32.705845+01,2019-03-20 15:37:32.705845+01
turla,4978,2019-03-20 15:37:32.706586+01,2019-03-20 15:37:32.706586+01
apt29,4978,2019-03-20 15:37:32.707359+01,2019-03-20 15:37:32.707359+01
turla,4979,2019-03-20 15:37:36.07731+01,2019-03-20 15:37:36.07731+01
gorgongroup,4980,2019-03-20 15:37:36.111585+01,2019-03-20 15:37:36.111585+01
gorgongroup,4981,2019-03-20 15:37:45.561739+01,2019-03-20 15:37:45.561739+01
apt16,4982,2019-03-20 15:37:45.577691+01,2019-03-20 15:37:45.577691+01
apt16,4983,2019-03-20 15:37:53.250536+01,2019-03-20 15:37:53.250536+01
admin338,4983,2019-03-20 15:37:53.251775+01,2019-03-20 15:37:53.251775+01
apt37,4984,2019-03-20 15:37:53.259646+01,2019-03-20 15:37:53.259646+01
apt37,4985,2019-03-20 15:38:00.529335+01,2019-03-20 15:38:00.529335+01
apt37,4986,2019-03-20 15:38:02.249359+01,2019-03-20 15:38:02.249359+01
apt37,4987,2019-03-20 15:38:03.44582+01,2019-03-20 15:38:03.44582+01
putterpanda,4988,2019-03-20 15:38:03.476007+01,2019-03-20 15:38:03.476007+01
putterpanda,4841,2019-03-20 15:38:20.636927+01,2019-03-20 15:38:20.636927+01
putterpanda,4990,2019-03-20 15:38:23.244469+01,2019-03-20 15:38:23.244469+01
apt1,4990,2019-03-20 15:38:23.245556+01,2019-03-20 15:38:23.245556+01
fin6,4991,2019-03-20 15:38:23.337442+01,2019-03-20 15:38:23.337442+01
fin6,4992,2019-03-20 15:38:31.332272+01,2019-03-20 15:38:31.332272+01
gcman,4993,2019-03-20 15:38:31.338221+01,2019-03-20 15:38:31.338221+01
gcman,4994,2019-03-20 15:38:38.891894+01,2019-03-20 15:38:38.891894+01
scarletmimic,4995,2019-03-20 15:38:38.897564+01,2019-03-20 15:38:38.897564+01
scarletmimic,4996,2019-03-20 15:38:50.469543+01,2019-03-20 15:38:50.469543+01
putterpanda,4996,2019-03-20 15:38:50.470794+01,2019-03-20 15:38:50.470794+01
carbanak,4997,2019-03-20 15:38:50.543651+01,2019-03-20 15:38:50.543651+01
carbanak,4998,2019-03-20 15:38:59.273351+01,2019-03-20 15:38:59.273351+01
carbanak,4846,2019-03-20 15:39:00.019248+01,2019-03-20 15:39:00.019248+01
carbanak,5001,2019-03-20 15:39:00.852024+01,2019-03-20 15:39:00.852024+01
platinum,5002,2019-03-20 15:39:00.856877+01,2019-03-20 15:39:00.856877+01
apt28,5003,2019-03-20 15:39:09.097215+01,2019-03-20 15:39:09.097215+01
platinum,5003,2019-03-20 15:39:09.098728+01,2019-03-20 15:39:09.098728+01
lotusblossom,5004,2019-03-20 15:39:09.132766+01,2019-03-20 15:39:09.132766+01
lotusblossom,5005,2019-03-20 15:39:17.262221+01,2019-03-20 15:39:17.262221+01
lotusblossom,5006,2019-03-20 15:39:18.305996+01,2019-03-20 15:39:18.305996+01
apt1,5007,2019-03-20 15:39:18.315734+01,2019-03-20 15:39:18.315734+01
apt1,5008,2019-03-20 15:39:20.607166+01,2019-03-20 15:39:20.607166+01
apt1,5009,2019-03-20 15:39:21.229898+01,2019-03-20 15:39:21.229898+01
apt12,5010,2019-03-20 15:39:23.630238+01,2019-03-20 15:39:23.630238+01
apt1,5010,2019-03-20 15:39:23.6317+01,2019-03-20 15:39:23.6317+01
threatgroup3390,5010,2019-03-20 15:39:23.633486+01,2019-03-20 15:39:23.633486+01
putterpanda,5007,2019-03-20 15:39:24.992668+01,2019-03-20 15:39:24.992668+01
putterpanda,4766,2019-03-20 15:39:38.417415+01,2019-03-20 15:39:38.417415+01
apt1,4766,2019-03-20 15:39:38.42155+01,2019-03-20 15:39:38.42155+01
axiom,4766,2019-03-20 15:39:38.422692+01,2019-03-20 15:39:38.422692+01
menupass,4766,2019-03-20 15:39:38.425718+01,2019-03-20 15:39:38.425718+01
apt3,5007,2019-03-20 15:39:38.434062+01,2019-03-20 15:39:38.434062+01
apt3,5017,2019-03-20 15:39:42.249381+01,2019-03-20 15:39:42.249381+01
threatgroup3390,5017,2019-03-20 15:39:42.250121+01,2019-03-20 15:39:42.250121+01
apt3,5019,2019-03-20 15:39:43.149055+01,2019-03-20 15:39:43.149055+01
menupass,5019,2019-03-20 15:39:43.15+01,2019-03-20 15:39:43.15+01
apt32,4811,2019-03-20 15:39:43.791333+01,2019-03-20 15:39:43.791333+01
apt17,4811,2019-03-20 15:39:43.793682+01,2019-03-20 15:39:43.793682+01
apt37,4811,2019-03-20 15:39:43.794604+01,2019-03-20 15:39:43.794604+01
apt16,4811,2019-03-20 15:39:43.796362+01,2019-03-20 15:39:43.796362+01
menupass,4811,2019-03-20 15:39:43.798168+01,2019-03-20 15:39:43.798168+01
apt18,4811,2019-03-20 15:39:43.799611+01,2019-03-20 15:39:43.799611+01
apt28,4811,2019-03-20 15:39:43.800304+01,2019-03-20 15:39:43.800304+01
apt1,4811,2019-03-20 15:39:43.801476+01,2019-03-20 15:39:43.801476+01
apt29,4811,2019-03-20 15:39:43.803382+01,2019-03-20 15:39:43.803382+01
apt3,5022,2019-03-20 15:39:46.396832+01,2019-03-20 15:39:46.396832+01
apt3,5023,2019-03-20 15:40:04.069335+01,2019-03-20 15:40:04.069335+01
apt1,5024,2019-03-20 15:40:04.454895+01,2019-03-20 15:40:04.454895+01
apt3,5024,2019-03-20 15:40:04.456372+01,2019-03-20 15:40:04.456372+01
apt12,5007,2019-03-20 15:40:04.465057+01,2019-03-20 15:40:04.465057+01
apt12,5027,2019-03-20 15:40:06.848833+01,2019-03-20 15:40:06.848833+01
apt12,5029,2019-03-20 15:40:11.108948+01,2019-03-20 15:40:11.108948+01
apt12,5030,2019-03-20 15:40:13.66695+01,2019-03-20 15:40:13.66695+01
apt12,5031,2019-03-20 15:40:14.503864+01,2019-03-20 15:40:14.503864+01
apt12,5032,2019-03-20 15:40:15.790805+01,2019-03-20 15:40:15.790805+01
apt12,5033,2019-03-20 15:40:16.77626+01,2019-03-20 15:40:16.77626+01
apt16,5007,2019-03-20 15:40:16.782517+01,2019-03-20 15:40:16.782517+01
dragonok,5037,2019-03-20 15:40:20.377697+01,2019-03-20 15:40:20.377697+01
apt16,5037,2019-03-20 15:40:20.378711+01,2019-03-20 15:40:20.378711+01
admin338,5037,2019-03-20 15:40:20.379724+01,2019-03-20 15:40:20.379724+01
platinum,5037,2019-03-20 15:40:20.38052+01,2019-03-20 15:40:20.38052+01
apt17,5007,2019-03-20 15:40:20.404359+01,2019-03-20 15:40:20.404359+01
apt17,5039,2019-03-20 15:40:21.178335+01,2019-03-20 15:40:21.178335+01
apt17,5040,2019-03-20 15:40:22.589434+01,2019-03-20 15:40:22.589434+01
elderwood,5041,2019-03-20 15:40:31.123363+01,2019-03-20 15:40:31.123363+01
apt1,5041,2019-03-20 15:40:31.124416+01,2019-03-20 15:40:31.124416+01
apt17,5041,2019-03-20 15:40:31.126186+01,2019-03-20 15:40:31.126186+01
apt17,5042,2019-03-20 15:40:31.845251+01,2019-03-20 15:40:31.845251+01
apt28,5043,2019-03-20 15:40:37.416362+01,2019-03-20 15:40:37.416362+01
apt12,5043,2019-03-20 15:40:37.417452+01,2019-03-20 15:40:37.417452+01
apt29,5043,2019-03-20 15:40:37.419004+01,2019-03-20 15:40:37.419004+01
apt17,5043,2019-03-20 15:40:37.42059+01,2019-03-20 15:40:37.42059+01
axiom,5043,2019-03-20 15:40:37.421836+01,2019-03-20 15:40:37.421836+01
apt3,5043,2019-03-20 15:40:37.423293+01,2019-03-20 15:40:37.423293+01
apt1,5043,2019-03-20 15:40:37.423976+01,2019-03-20 15:40:37.423976+01
apt17,5044,2019-03-20 15:40:38.411153+01,2019-03-20 15:40:38.411153+01
apt17,4773,2019-03-20 15:40:38.862469+01,2019-03-20 15:40:38.862469+01
axiom,4773,2019-03-20 15:40:38.864682+01,2019-03-20 15:40:38.864682+01
elderwood,4773,2019-03-20 15:40:38.86564+01,2019-03-20 15:40:38.86564+01
apt1,4773,2019-03-20 15:40:38.867018+01,2019-03-20 15:40:38.867018+01
turla,4773,2019-03-20 15:40:38.867857+01,2019-03-20 15:40:38.867857+01
apt18,5007,2019-03-20 15:40:38.875672+01,2019-03-20 15:40:38.875672+01
apt18,5047,2019-03-20 15:40:40.456355+01,2019-03-20 15:40:40.456355+01
apt12,5048,2019-03-20 15:40:41.926397+01,2019-03-20 15:40:41.926397+01
apt18,5050,2019-03-20 15:40:46.354783+01,2019-03-20 15:40:46.354783+01
axiom,5007,2019-03-20 15:40:46.367972+01,2019-03-20 15:40:46.367972+01
winntigroup,5052,2019-03-20 15:40:48.777167+01,2019-03-20 15:40:48.777167+01
axiom,5052,2019-03-20 15:40:48.778503+01,2019-03-20 15:40:48.778503+01
axiom,5053,2019-03-20 15:40:48.844447+01,2019-03-20 15:40:48.844447+01
axiom,5054,2019-03-20 15:40:48.891954+01,2019-03-20 15:40:48.891954+01
winntigroup,5055,2019-03-20 15:40:51.159252+01,2019-03-20 15:40:51.159252+01
axiom,5055,2019-03-20 15:40:51.160438+01,2019-03-20 15:40:51.160438+01
axiom,5057,2019-03-20 15:40:53.051595+01,2019-03-20 15:40:53.051595+01
winntigroup,5007,2019-03-20 15:40:53.062823+01,2019-03-20 15:40:53.062823+01
winntigroup,5059,2019-03-20 15:40:54.919897+01,2019-03-20 15:40:54.919897+01
winntigroup,5060,2019-03-20 15:40:55.538528+01,2019-03-20 15:40:55.538528+01
winntigroup,5061,2019-03-20 15:40:56.646129+01,2019-03-20 15:40:56.646129+01
deeppanda,5007,2019-03-20 15:40:56.657274+01,2019-03-20 15:40:56.657274+01
rtm,5063,2019-03-20 15:41:00.063239+01,2019-03-20 15:41:00.063239+01
deeppanda,5063,2019-03-20 15:41:00.064351+01,2019-03-20 15:41:00.064351+01
deeppanda,4808,2019-03-20 15:41:02.515701+01,2019-03-20 15:41:02.515701+01
naikon,5007,2019-03-20 15:41:02.534872+01,2019-03-20 15:41:02.534872+01
naikon,5067,2019-03-20 15:41:04.89241+01,2019-03-20 15:41:04.89241+01
apt30,5067,2019-03-20 15:41:04.893476+01,2019-03-20 15:41:04.893476+01
naikon,5068,2019-03-20 15:41:06.525298+01,2019-03-20 15:41:06.525298+01
naikon,5069,2019-03-20 15:41:08.150622+01,2019-03-20 15:41:08.150622+01
oilrig,5070,2019-03-20 15:41:09.223898+01,2019-03-20 15:41:09.223898+01
naikon,4749,2019-03-20 15:41:10.158521+01,2019-03-20 15:41:10.158521+01
platinum,5007,2019-03-20 15:41:10.881769+01,2019-03-20 15:41:10.881769+01
platinum,5074,2019-03-20 15:41:13.70866+01,2019-03-20 15:41:13.70866+01
platinum,5075,2019-03-20 15:41:14.794045+01,2019-03-20 15:41:14.794045+01
naikon,5076,2019-03-20 15:41:16.281682+01,2019-03-20 15:41:16.281682+01
ke3chang,5076,2019-03-20 15:41:16.282696+01,2019-03-20 15:41:16.282696+01
equation,5076,2019-03-20 15:41:16.28395+01,2019-03-20 15:41:16.28395+01
platinum,5076,2019-03-20 15:41:16.285113+01,2019-03-20 15:41:16.285113+01
naikon,5079,2019-03-20 15:41:22.359585+01,2019-03-20 15:41:22.359585+01
ke3chang,5079,2019-03-20 15:41:22.360709+01,2019-03-20 15:41:22.360709+01
lotusblossom,5007,2019-03-20 15:41:22.3694+01,2019-03-20 15:41:22.3694+01
lotusblossom,5082,2019-03-20 15:41:27.63645+01,2019-03-20 15:41:27.63645+01
lotusblossom,5083,2019-03-20 15:41:30.16713+01,2019-03-20 15:41:30.16713+01
lotusblossom,5084,2019-03-20 15:41:32.862108+01,2019-03-20 15:41:32.862108+01
lotusblossom,5085,2019-03-20 15:41:35.893175+01,2019-03-20 15:41:35.893175+01
lotusblossom,5086,2019-03-20 15:41:37.467223+01,2019-03-20 15:41:37.467223+01
lotusblossom,5087,2019-03-20 15:41:38.426741+01,2019-03-20 15:41:38.426741+01
ke3chang,5007,2019-03-20 15:41:38.444513+01,2019-03-20 15:41:38.444513+01
ke3chang,5090,2019-03-20 15:41:41.163259+01,2019-03-20 15:41:41.163259+01
apt1,4754,2019-03-20 15:41:42.764874+01,2019-03-20 15:41:42.764874+01
turla,4754,2019-03-20 15:41:42.771295+01,2019-03-20 15:41:42.771295+01
ke3chang,5092,2019-03-20 15:41:45.829018+01,2019-03-20 15:41:45.829018+01
apt1,5092,2019-03-20 15:41:45.830195+01,2019-03-20 15:41:45.830195+01
ke3chang,5093,2019-03-20 15:41:46.167562+01,2019-03-20 15:41:46.167562+01
ke3chang,5094,2019-03-20 15:41:47.537645+01,2019-03-20 15:41:47.537645+01
suckfly,5007,2019-03-20 15:41:51.020409+01,2019-03-20 15:41:51.020409+01
pittytiger,5007,2019-03-20 15:41:51.594381+01,2019-03-20 15:41:51.594381+01
pittytiger,5101,2019-03-20 15:41:52.142903+01,2019-03-20 15:41:52.142903+01
scarletmimic,5007,2019-03-20 15:41:52.148702+01,2019-03-20 15:41:52.148702+01
lotusblossom,4996,2019-03-20 15:41:53.15464+01,2019-03-20 15:41:53.15464+01
apt19,5007,2019-03-20 15:41:53.238099+01,2019-03-20 15:41:53.238099+01
apt19,5105,2019-03-20 15:41:54.686675+01,2019-03-20 15:41:54.686675+01
apt19,5106,2019-03-20 15:41:57.250981+01,2019-03-20 15:41:57.250981+01
apt19,5107,2019-03-20 15:41:59.299136+01,2019-03-20 15:41:59.299136+01
apt19,5108,2019-03-20 15:42:00.8604+01,2019-03-20 15:42:00.8604+01
dragonok,5007,2019-03-20 15:42:00.931434+01,2019-03-20 15:42:00.931434+01
dragonok,5111,2019-03-20 15:42:06.936439+01,2019-03-20 15:42:06.936439+01
dragonok,5112,2019-03-20 15:42:09.113991+01,2019-03-20 15:42:09.113991+01
ta459,5007,2019-03-20 15:42:10.349417+01,2019-03-20 15:42:10.349417+01
ta459,5116,2019-03-20 15:42:11.668254+01,2019-03-20 15:42:11.668254+01
bronzebutler,5007,2019-03-20 15:42:11.700074+01,2019-03-20 15:42:11.700074+01
bronzebutler,5119,2019-03-20 15:42:13.162859+01,2019-03-20 15:42:13.162859+01
bronzebutler,5120,2019-03-20 15:42:15.93771+01,2019-03-20 15:42:15.93771+01
bronzebutler,5121,2019-03-20 15:42:18.99466+01,2019-03-20 15:42:18.99466+01
darkhotel,5121,2019-03-20 15:42:18.996152+01,2019-03-20 15:42:18.996152+01
bronzebutler,5124,2019-03-20 15:42:22.901815+01,2019-03-20 15:42:22.901815+01
leviathan,5007,2019-03-20 15:42:22.921784+01,2019-03-20 15:42:22.921784+01
leviathan,5126,2019-03-20 15:42:23.859972+01,2019-03-20 15:42:23.859972+01
apt17,5127,2019-03-20 15:42:24.938729+01,2019-03-20 15:42:24.938729+01
leviathan,5127,2019-03-20 15:42:24.939819+01,2019-03-20 15:42:24.939819+01
leviathan,5128,2019-03-20 15:42:25.671876+01,2019-03-20 15:42:25.671876+01
leviathan,5129,2019-03-20 15:42:26.654405+01,2019-03-20 15:42:26.654405+01
leviathan,5130,2019-03-20 15:42:27.795974+01,2019-03-20 15:42:27.795974+01
nightdragon,5007,2019-03-20 15:42:27.852469+01,2019-03-20 15:42:27.852469+01
nightdragon,5132,2019-03-20 15:42:30.222463+01,2019-03-20 15:42:30.222463+01
menupass,5007,2019-03-20 15:42:31.654246+01,2019-03-20 15:42:31.654246+01
admin338,4956,2019-03-20 15:42:39.250228+01,2019-03-20 15:42:39.250228+01
axiom,5138,2019-03-20 15:42:40.688261+01,2019-03-20 15:42:40.688261+01
menupass,5138,2019-03-20 15:42:40.689481+01,2019-03-20 15:42:40.689481+01
menupass,5139,2019-03-20 15:42:42.513837+01,2019-03-20 15:42:42.513837+01
menupass,5140,2019-03-20 15:42:43.806319+01,2019-03-20 15:42:43.806319+01
admin338,5140,2019-03-20 15:42:43.807946+01,2019-03-20 15:42:43.807946+01
menupass,5141,2019-03-20 15:42:45.089727+01,2019-03-20 15:42:45.089727+01
menupass,5142,2019-03-20 15:42:47.346709+01,2019-03-20 15:42:47.346709+01
menupass,5143,2019-03-20 15:42:48.498295+01,2019-03-20 15:42:48.498295+01
apt32,5145,2019-03-20 15:42:56.207293+01,2019-03-20 15:42:56.207293+01
menupass,5145,2019-03-20 15:42:56.20824+01,2019-03-20 15:42:56.20824+01
apt19,5145,2019-03-20 15:42:56.209157+01,2019-03-20 15:42:56.209157+01
menupass,5146,2019-03-20 15:42:57.404009+01,2019-03-20 15:42:57.404009+01
admin338,5007,2019-03-20 15:42:58.209795+01,2019-03-20 15:42:58.209795+01
admin338,5149,2019-03-20 15:42:59.476854+01,2019-03-20 15:42:59.476854+01
apt28,5007,2019-03-20 15:42:59.972271+01,2019-03-20 15:42:59.972271+01
apt28,5153,2019-03-20 15:43:00.625469+01,2019-03-20 15:43:00.625469+01
apt28,5154,2019-03-20 15:43:01.555823+01,2019-03-20 15:43:01.555823+01
apt28,5155,2019-03-20 15:43:02.174821+01,2019-03-20 15:43:02.174821+01
apt28,5156,2019-03-20 15:43:04.286932+01,2019-03-20 15:43:04.286932+01
apt28,5157,2019-03-20 15:43:15.883839+01,2019-03-20 15:43:15.883839+01
apt28,5159,2019-03-20 15:43:19.328627+01,2019-03-20 15:43:19.328627+01
apt28,5161,2019-03-20 15:43:20.805288+01,2019-03-20 15:43:20.805288+01
apt28,5162,2019-03-20 15:43:23.478415+01,2019-03-20 15:43:23.478415+01
apt28,5163,2019-03-20 15:43:24.39643+01,2019-03-20 15:43:24.39643+01
apt28,5164,2019-03-20 15:43:25.284896+01,2019-03-20 15:43:25.284896+01
turla,4929,2019-03-20 15:43:26.057179+01,2019-03-20 15:43:26.057179+01
apt29,5166,2019-03-20 15:43:29.335948+01,2019-03-20 15:43:29.335948+01
apt28,5166,2019-03-20 15:43:29.33704+01,2019-03-20 15:43:29.33704+01
sandwormteam,5166,2019-03-20 15:43:29.338178+01,2019-03-20 15:43:29.338178+01
apt28,5167,2019-03-20 15:43:30.339095+01,2019-03-20 15:43:30.339095+01
apt28,5168,2019-03-20 15:43:30.915049+01,2019-03-20 15:43:30.915049+01
apt28,5169,2019-03-20 15:43:31.318917+01,2019-03-20 15:43:31.318917+01
apt28,5171,2019-03-20 15:43:32.429722+01,2019-03-20 15:43:32.429722+01
apt29,5007,2019-03-20 15:43:32.443415+01,2019-03-20 15:43:32.443415+01
apt29,5153,2019-03-20 15:43:32.907407+01,2019-03-20 15:43:32.907407+01
apt29,5174,2019-03-20 15:43:33.868277+01,2019-03-20 15:43:33.868277+01
apt29,5176,2019-03-20 15:43:41.347559+01,2019-03-20 15:43:41.347559+01
apt29,5179,2019-03-20 15:43:52.254022+01,2019-03-20 15:43:52.254022+01
apt28,5179,2019-03-20 15:43:52.254938+01,2019-03-20 15:43:52.254938+01
apt29,5180,2019-03-20 15:43:53.35268+01,2019-03-20 15:43:53.35268+01
apt29,5181,2019-03-20 15:43:54.494423+01,2019-03-20 15:43:54.494423+01
dragonfly,5007,2019-03-20 15:43:54.509487+01,2019-03-20 15:43:54.509487+01
dragonfly,5184,2019-03-20 15:43:55.852808+01,2019-03-20 15:43:55.852808+01
dragonfly,5187,2019-03-20 15:44:00.47415+01,2019-03-20 15:44:00.47415+01
dragonfly,5188,2019-03-20 15:44:01.039639+01,2019-03-20 15:44:01.039639+01
dragonfly,5189,2019-03-20 15:44:02.798306+01,2019-03-20 15:44:02.798306+01
dragonfly,5190,2019-03-20 15:44:03.957064+01,2019-03-20 15:44:03.957064+01
dragonfly,5191,2019-03-20 15:44:05.17537+01,2019-03-20 15:44:05.17537+01
molerats,5191,2019-03-20 15:44:05.176438+01,2019-03-20 15:44:05.176438+01
equation,5191,2019-03-20 15:44:05.177493+01,2019-03-20 15:44:05.177493+01
turla,5191,2019-03-20 15:44:05.178439+01,2019-03-20 15:44:05.178439+01
apt29,5191,2019-03-20 15:44:05.179278+01,2019-03-20 15:44:05.179278+01
apt28,5191,2019-03-20 15:44:05.180091+01,2019-03-20 15:44:05.180091+01
sandwormteam,5191,2019-03-20 15:44:05.181466+01,2019-03-20 15:44:05.181466+01
sandwormteam,5007,2019-03-20 15:44:05.191357+01,2019-03-20 15:44:05.191357+01
sandwormteam,5193,2019-03-20 15:44:07.233308+01,2019-03-20 15:44:07.233308+01
sandwormteam,5194,2019-03-20 15:44:10.627231+01,2019-03-20 15:44:10.627231+01
sandwormteam,5195,2019-03-20 15:44:14.056551+01,2019-03-20 15:44:14.056551+01
dragonfly,5195,2019-03-20 15:44:14.057721+01,2019-03-20 15:44:14.057721+01
sandwormteam,5196,2019-03-20 15:44:14.959266+01,2019-03-20 15:44:14.959266+01
sandwormteam,5197,2019-03-20 15:44:15.880467+01,2019-03-20 15:44:15.880467+01
sandwormteam,5198,2019-03-20 15:44:20.782541+01,2019-03-20 15:44:20.782541+01
sandwormteam,5199,2019-03-20 15:44:21.80041+01,2019-03-20 15:44:21.80041+01
fin7,5007,2019-03-20 15:44:21.825785+01,2019-03-20 15:44:21.825785+01
fin7,5201,2019-03-20 15:44:23.901134+01,2019-03-20 15:44:23.901134+01
carbanak,5201,2019-03-20 15:44:23.902124+01,2019-03-20 15:44:23.902124+01
fin7,5202,2019-03-20 15:44:25.173043+01,2019-03-20 15:44:25.173043+01
carbanak,5202,2019-03-20 15:44:25.174933+01,2019-03-20 15:44:25.174933+01
carbanak,4850,2019-03-20 15:45:43.342888+01,2019-03-20 15:45:43.342888+01
gamaredongroup,5007,2019-03-20 15:45:43.514188+01,2019-03-20 15:45:43.514188+01
gamaredongroup,5205,2019-03-20 15:45:45.744087+01,2019-03-20 15:45:45.744087+01
gamaredongroup,5206,2019-03-20 15:45:50.73302+01,2019-03-20 15:45:50.73302+01
lazarusgroup,5007,2019-03-20 15:45:51.06771+01,2019-03-20 15:45:51.06771+01
lazarusgroup,5008,2019-03-20 15:45:52.916365+01,2019-03-20 15:45:52.916365+01
bronzebutler,5209,2019-03-20 15:45:55.438825+01,2019-03-20 15:45:55.438825+01
lazarusgroup,5209,2019-03-20 15:45:55.440038+01,2019-03-20 15:45:55.440038+01
lazarusgroup,5210,2019-03-20 15:45:59.538114+01,2019-03-20 15:45:59.538114+01
lazarusgroup,5212,2019-03-20 15:46:04.656736+01,2019-03-20 15:46:04.656736+01
lazarusgroup,5213,2019-03-20 15:46:06.439528+01,2019-03-20 15:46:06.439528+01
lazarusgroup,5214,2019-03-20 15:46:07.26527+01,2019-03-20 15:46:07.26527+01
lazarusgroup,5215,2019-03-20 15:46:07.569293+01,2019-03-20 15:46:07.569293+01
lazarusgroup,5216,2019-03-20 15:46:07.857557+01,2019-03-20 15:46:07.857557+01
lazarusgroup,5217,2019-03-20 15:46:11.999101+01,2019-03-20 15:46:11.999101+01
lazarusgroup,5218,2019-03-20 15:46:13.701065+01,2019-03-20 15:46:13.701065+01
apt28,5219,2019-03-20 15:46:14.719853+01,2019-03-20 15:46:14.719853+01
lazarusgroup,5219,2019-03-20 15:46:14.721334+01,2019-03-20 15:46:14.721334+01
menupass,5219,2019-03-20 15:46:14.722059+01,2019-03-20 15:46:14.722059+01
apt3,5219,2019-03-20 15:46:14.723185+01,2019-03-20 15:46:14.723185+01
lazarusgroup,5220,2019-03-20 15:46:14.946736+01,2019-03-20 15:46:14.946736+01
lazarusgroup,5221,2019-03-20 15:46:16.460381+01,2019-03-20 15:46:16.460381+01
apt37,5007,2019-03-20 15:46:19.249519+01,2019-03-20 15:46:19.249519+01
apt37,5225,2019-03-20 15:46:20.136201+01,2019-03-20 15:46:20.136201+01
apt37,5226,2019-03-20 15:46:21.34018+01,2019-03-20 15:46:21.34018+01
apt37,5227,2019-03-20 15:46:23.634477+01,2019-03-20 15:46:23.634477+01
apt37,5228,2019-03-20 15:46:25.396291+01,2019-03-20 15:46:25.396291+01
apt37,5229,2019-03-20 15:46:26.855799+01,2019-03-20 15:46:26.855799+01
apt37,5230,2019-03-20 15:46:28.277478+01,2019-03-20 15:46:28.277478+01
darkhotel,5007,2019-03-20 15:46:28.299329+01,2019-03-20 15:46:28.299329+01
darkhotel,5232,2019-03-20 15:46:30.492486+01,2019-03-20 15:46:30.492486+01
darkhotel,5233,2019-03-20 15:46:31.507114+01,2019-03-20 15:46:31.507114+01
darkhotel,5234,2019-03-20 15:48:18.305634+01,2019-03-20 15:48:18.305634+01
darkhotel,4985,2019-03-20 15:48:19.644238+01,2019-03-20 15:48:19.644238+01
darkhotel,5236,2019-03-20 15:48:27.328103+01,2019-03-20 15:48:27.328103+01
darkhotel,5237,2019-03-20 15:48:31.557275+01,2019-03-20 15:48:31.557275+01
darkhotel,5238,2019-03-20 15:48:32.460511+01,2019-03-20 15:48:32.460511+01
oilrig,5007,2019-03-20 15:48:32.493322+01,2019-03-20 15:48:32.493322+01
oilrig,5240,2019-03-20 15:48:33.316283+01,2019-03-20 15:48:33.316283+01
fin7,5245,2019-03-20 15:48:45.577499+01,2019-03-20 15:48:45.577499+01
oilrig,5245,2019-03-20 15:48:45.578857+01,2019-03-20 15:48:45.578857+01
oilrig,5246,2019-03-20 15:48:47.237481+01,2019-03-20 15:48:47.237481+01
magichound,5246,2019-03-20 15:48:47.238747+01,2019-03-20 15:48:47.238747+01
oilrig,5247,2019-03-20 15:48:49.589267+01,2019-03-20 15:48:49.589267+01
oilrig,5248,2019-03-20 15:48:53.083445+01,2019-03-20 15:48:53.083445+01
cleaver,5249,2019-03-20 15:48:55.241768+01,2019-03-20 15:48:55.241768+01
oilrig,5249,2019-03-20 15:48:55.242677+01,2019-03-20 15:48:55.242677+01
oilrig,5251,2019-03-20 15:48:57.53659+01,2019-03-20 15:48:57.53659+01
oilrig,5252,2019-03-20 15:49:01.253255+01,2019-03-20 15:49:01.253255+01
apt32,4893,2019-03-20 15:49:06.735803+01,2019-03-20 15:49:06.735803+01
menupass,4893,2019-03-20 15:49:06.743214+01,2019-03-20 15:49:06.743214+01
apt28,4893,2019-03-20 15:49:06.744171+01,2019-03-20 15:49:06.744171+01
apt29,4893,2019-03-20 15:49:06.746842+01,2019-03-20 15:49:06.746842+01
muddywater,5254,2019-03-20 15:49:08.22364+01,2019-03-20 15:49:08.22364+01
oilrig,5254,2019-03-20 15:49:08.2258+01,2019-03-20 15:49:08.2258+01
copykittens,5007,2019-03-20 15:49:08.233703+01,2019-03-20 15:49:08.233703+01
copykittens,5257,2019-03-20 15:49:12.497817+01,2019-03-20 15:49:12.497817+01
copykittens,5258,2019-03-20 15:49:12.736608+01,2019-03-20 15:49:12.736608+01
copykittens,4916,2019-03-20 15:49:16.060361+01,2019-03-20 15:49:16.060361+01
charmingkitten,5007,2019-03-20 15:49:16.099417+01,2019-03-20 15:49:16.099417+01
charmingkitten,5262,2019-03-20 15:49:16.68206+01,2019-03-20 15:49:16.68206+01
magichound,5262,2019-03-20 15:49:16.683125+01,2019-03-20 15:49:16.683125+01
charmingkitten,5263,2019-03-20 15:49:21.31544+01,2019-03-20 15:49:21.31544+01
charmingkitten,5264,2019-03-20 15:49:22.380094+01,2019-03-20 15:49:22.380094+01
charmingkitten,5265,2019-03-20 15:49:24.187633+01,2019-03-20 15:49:24.187633+01
magichound,5265,2019-03-20 15:49:24.18926+01,2019-03-20 15:49:24.18926+01
charmingkitten,5266,2019-03-20 15:49:26.813915+01,2019-03-20 15:49:26.813915+01
magichound,5266,2019-03-20 15:49:26.815144+01,2019-03-20 15:49:26.815144+01
charmingkitten,5267,2019-03-20 15:49:29.770287+01,2019-03-20 15:49:29.770287+01
magichound,5267,2019-03-20 15:49:29.812351+01,2019-03-20 15:49:29.812351+01
charmingkitten,5268,2019-03-20 15:49:31.156006+01,2019-03-20 15:49:31.156006+01
charmingkitten,5269,2019-03-20 15:49:32.559425+01,2019-03-20 15:49:32.559425+01
oilrig,5269,2019-03-20 15:49:32.560515+01,2019-03-20 15:49:32.560515+01
magichound,5269,2019-03-20 15:49:32.56146+01,2019-03-20 15:49:32.56146+01
magichound,5007,2019-03-20 15:49:39.45689+01,2019-03-20 15:49:39.45689+01
magichound,5273,2019-03-20 15:49:42.68407+01,2019-03-20 15:49:42.68407+01
magichound,5274,2019-03-20 15:49:44.76313+01,2019-03-20 15:49:44.76313+01
magichound,5275,2019-03-20 15:49:46.104206+01,2019-03-20 15:49:46.104206+01
magichound,5276,2019-03-20 15:49:47.325489+01,2019-03-20 15:49:47.325489+01
magichound,5277,2019-03-20 15:49:50.387105+01,2019-03-20 15:49:50.387105+01
magichound,5278,2019-03-20 15:49:51.112973+01,2019-03-20 15:49:51.112973+01
magichound,5279,2019-03-20 15:49:54.664234+01,2019-03-20 15:49:54.664234+01
apt33,5281,2019-03-20 15:50:10.657663+01,2019-03-20 15:50:10.657663+01
magichound,5281,2019-03-20 15:50:10.659014+01,2019-03-20 15:50:10.659014+01
muddywater,5007,2019-03-20 15:50:10.692745+01,2019-03-20 15:50:10.692745+01
muddywater,5284,2019-03-20 15:50:16.6031+01,2019-03-20 15:50:16.6031+01
muddywater,5285,2019-03-20 15:50:19.080914+01,2019-03-20 15:50:19.080914+01
apt28,5287,2019-03-20 15:50:22.003099+01,2019-03-20 15:50:22.003099+01
muddywater,5287,2019-03-20 15:50:22.004854+01,2019-03-20 15:50:22.004854+01
muddywater,5288,2019-03-20 15:50:24.39449+01,2019-03-20 15:50:24.39449+01
muddywater,5289,2019-03-20 15:50:25.827312+01,2019-03-20 15:50:25.827312+01
muddywater,5072,2019-03-20 15:50:26.878688+01,2019-03-20 15:50:26.878688+01
muddywater,5291,2019-03-20 15:50:29.195111+01,2019-03-20 15:50:29.195111+01
leafminer,5007,2019-03-20 15:50:29.203258+01,2019-03-20 15:50:29.203258+01
dragonfly,4747,2019-03-20 15:50:30.122614+01,2019-03-20 15:50:30.122614+01
leafminer,5294,2019-03-20 15:50:33.234468+01,2019-03-20 15:50:33.234468+01
darkhydrus,5007,2019-03-20 15:50:33.240413+01,2019-03-20 15:50:33.240413+01
molerats,5007,2019-03-20 15:50:35.882077+01,2019-03-20 15:50:35.882077+01
molerats,5300,2019-03-20 15:50:36.704794+01,2019-03-20 15:50:36.704794+01
molerats,5301,2019-03-20 15:50:39.748355+01,2019-03-20 15:50:39.748355+01
apt28,5302,2019-03-20 15:50:41.598828+01,2019-03-20 15:50:41.598828+01
molerats,5302,2019-03-20 15:50:41.601415+01,2019-03-20 15:50:41.601415+01
molerats,5303,2019-03-20 15:50:45.355865+01,2019-03-20 15:50:45.355865+01
molerats,5304,2019-03-20 15:50:46.89778+01,2019-03-20 15:50:46.89778+01
molerats,5305,2019-03-20 15:50:47.176595+01,2019-03-20 15:50:47.176595+01
molerats,5306,2019-03-20 15:50:49.530992+01,2019-03-20 15:50:49.530992+01
molerats,5307,2019-03-20 15:50:52.857523+01,2019-03-20 15:50:52.857523+01
darkcaracal,5007,2019-03-20 15:50:52.894954+01,2019-03-20 15:50:52.894954+01
patchwork,5007,2019-03-20 15:51:35.358657+01,2019-03-20 15:51:35.358657+01
patchwork,5311,2019-03-20 15:51:38.282394+01,2019-03-20 15:51:38.282394+01
patchwork,5312,2019-03-20 15:51:47.616801+01,2019-03-20 15:51:47.616801+01
patchwork,5315,2019-03-20 15:52:05.345503+01,2019-03-20 15:52:05.345503+01
patchwork,5316,2019-03-20 15:52:08.686638+01,2019-03-20 15:52:08.686638+01
patchwork,5317,2019-03-20 15:52:18.731904+01,2019-03-20 15:52:18.731904+01
patchwork,5318,2019-03-20 15:52:21.755282+01,2019-03-20 15:52:21.755282+01
patchwork,5319,2019-03-20 15:52:23.614975+01,2019-03-20 15:52:23.614975+01
apt32,5007,2019-03-20 15:52:23.694452+01,2019-03-20 15:52:23.694452+01
apt32,5323,2019-03-20 15:52:26.412508+01,2019-03-20 15:52:26.412508+01
apt32,5324,2019-03-20 15:52:27.700517+01,2019-03-20 15:52:27.700517+01
apt32,5325,2019-03-20 15:52:29.341532+01,2019-03-20 15:52:29.341532+01
apt3,5325,2019-03-20 15:52:29.344831+01,2019-03-20 15:52:29.344831+01
turla,4964,2019-03-20 15:52:30.437073+01,2019-03-20 15:52:30.437073+01
apt32,5328,2019-03-20 15:52:34.093158+01,2019-03-20 15:52:34.093158+01
apt32,5329,2019-03-20 15:52:36.25007+01,2019-03-20 15:52:36.25007+01
apt32,5330,2019-03-20 15:52:38.415074+01,2019-03-20 15:52:38.415074+01
blackoasis,5007,2019-03-20 15:52:38.41959+01,2019-03-20 15:52:38.41959+01
neodymium,5007,2019-03-20 15:52:39.800102+01,2019-03-20 15:52:39.800102+01
promethium,5007,2019-03-20 15:52:43.227487+01,2019-03-20 15:52:43.227487+01
carbanak,5007,2019-03-20 15:52:45.380166+01,2019-03-20 15:52:45.380166+01
carbanak,5338,2019-03-20 15:52:47.551854+01,2019-03-20 15:52:47.551854+01
cobaltgroup,5339,2019-03-20 15:52:48.795494+01,2019-03-20 15:52:48.795494+01
fin7,5339,2019-03-20 15:52:48.796652+01,2019-03-20 15:52:48.796652+01
carbanak,5339,2019-03-20 15:52:48.798447+01,2019-03-20 15:52:48.798447+01
fin6,5007,2019-03-20 15:52:48.840004+01,2019-03-20 15:52:48.840004+01
patchwork,5341,2019-03-20 15:53:17.94405+01,2019-03-20 15:53:17.94405+01
oilrig,5341,2019-03-20 15:53:17.945068+01,2019-03-20 15:53:17.945068+01
apt28,5341,2019-03-20 15:53:17.945908+01,2019-03-20 15:53:17.945908+01
dragonfly,5341,2019-03-20 15:53:17.947121+01,2019-03-20 15:53:17.947121+01
charmingkitten,5341,2019-03-20 15:53:17.948186+01,2019-03-20 15:53:17.948186+01
deeppanda,5341,2019-03-20 15:53:17.94915+01,2019-03-20 15:53:17.94915+01
sandwormteam,5341,2019-03-20 15:53:17.950026+01,2019-03-20 15:53:17.950026+01
fin6,5341,2019-03-20 15:53:17.950889+01,2019-03-20 15:53:17.950889+01
threatgroup3390,5341,2019-03-20 15:53:17.951731+01,2019-03-20 15:53:17.951731+01
cobaltgroup,5341,2019-03-20 15:53:17.952661+01,2019-03-20 15:53:17.952661+01
turla,5341,2019-03-20 15:53:17.953732+01,2019-03-20 15:53:17.953732+01
carbanak,5341,2019-03-20 15:53:17.954944+01,2019-03-20 15:53:17.954944+01
equation,5341,2019-03-20 15:53:17.955813+01,2019-03-20 15:53:17.955813+01
menupass,5341,2019-03-20 15:53:17.956714+01,2019-03-20 15:53:17.956714+01
apt12,5341,2019-03-20 15:53:17.957616+01,2019-03-20 15:53:17.957616+01
apt29,5341,2019-03-20 15:53:17.958415+01,2019-03-20 15:53:17.958415+01
apt3,5341,2019-03-20 15:53:17.959546+01,2019-03-20 15:53:17.959546+01
dragonfly20,5341,2019-03-20 15:53:17.961071+01,2019-03-20 15:53:17.961071+01
apt32,5341,2019-03-20 15:53:17.961997+01,2019-03-20 15:53:17.961997+01
fin6,5342,2019-03-20 15:53:19.304066+01,2019-03-20 15:53:19.304066+01
fin6,5344,2019-03-20 15:53:22.243272+01,2019-03-20 15:53:22.243272+01
fin6,5345,2019-03-20 15:53:41.182232+01,2019-03-20 15:53:41.182232+01
gorgongroup,5007,2019-03-20 15:53:44.095951+01,2019-03-20 15:53:44.095951+01
carbanak,4736,2019-03-20 15:53:48.934078+01,2019-03-20 15:53:48.934078+01
carbanak,5351,2019-03-20 15:53:52.080514+01,2019-03-20 15:53:52.080514+01
sowbug,5007,2019-03-20 15:53:54.775233+01,2019-03-20 15:53:54.775233+01
orangeworm,5007,2019-03-20 15:53:55.00389+01,2019-03-20 15:53:55.00389+01
rancor,5007,2019-03-20 15:53:55.85086+01,2019-03-20 15:53:55.85086+01
apt28,5363,2019-03-20 15:54:04.325632+01,2019-03-20 15:54:04.325632+01
apt1,5364,2019-03-20 15:54:07.100802+01,2019-03-20 15:54:07.100802+01
apt3,5364,2019-03-20 15:54:07.102641+01,2019-03-20 15:54:07.102641+01
apt33,5365,2019-03-20 15:54:12.389065+01,2019-03-20 15:54:12.389065+01
apt17,5366,2019-03-20 15:54:17.299169+01,2019-03-20 15:54:17.299169+01
ke3chang,5366,2019-03-20 15:54:17.30023+01,2019-03-20 15:54:17.30023+01
axiom,5366,2019-03-20 15:54:17.301218+01,2019-03-20 15:54:17.301218+01
elderwood,5366,2019-03-20 15:54:17.302008+01,2019-03-20 15:54:17.302008+01
winntigroup,5366,2019-03-20 15:54:17.302899+01,2019-03-20 15:54:17.302899+01
apt1,5366,2019-03-20 15:54:17.303937+01,2019-03-20 15:54:17.303937+01
lazarusgroup,5367,2019-03-20 15:54:22.346572+01,2019-03-20 15:54:22.346572+01
ke3chang,5368,2019-03-20 15:54:25.063326+01,2019-03-20 15:54:25.063326+01
apt33,5369,2019-03-20 15:54:32.208028+01,2019-03-20 15:54:32.208028+01
lazarusgroup,5369,2019-03-20 15:54:32.209018+01,2019-03-20 15:54:32.209018+01
oilrig,5369,2019-03-20 15:54:32.209869+01,2019-03-20 15:54:32.209869+01
dragonfly,5369,2019-03-20 15:54:32.211502+01,2019-03-20 15:54:32.211502+01
turla,5370,2019-03-20 15:54:35.491096+01,2019-03-20 15:54:35.491096+01
apt28,5371,2019-03-20 15:54:38.211894+01,2019-03-20 15:54:38.211894+01
sandwormteam,5372,2019-03-20 15:54:44.066185+01,2019-03-20 15:54:44.066185+01
fin7,5373,2019-03-20 15:55:15.09598+01,2019-03-20 15:55:15.09598+01
carbanak,5373,2019-03-20 15:55:15.096976+01,2019-03-20 15:55:15.096976+01
turla,5374,2019-03-20 15:55:20.35878+01,2019-03-20 15:55:20.35878+01
fin7,5375,2019-03-20 15:55:31.806296+01,2019-03-20 15:55:31.806296+01
carbanak,5375,2019-03-20 15:55:31.807547+01,2019-03-20 15:55:31.807547+01
oilrig,5376,2019-03-20 15:55:35.417474+01,2019-03-20 15:55:35.417474+01
apt28,5377,2019-03-20 15:55:37.939693+01,2019-03-20 15:55:37.939693+01
turla,5378,2019-03-20 15:55:41.980682+01,2019-03-20 15:55:41.980682+01
apt32,5378,2019-03-20 15:55:41.981832+01,2019-03-20 15:55:41.981832+01
rtm,5379,2019-03-20 15:56:02.417586+01,2019-03-20 15:56:02.417586+01
apt28,5380,2019-03-20 15:56:25.06989+01,2019-03-20 15:56:25.06989+01
blackoasis,5381,2019-03-20 15:56:29.468821+01,2019-03-20 15:56:29.468821+01
lazarusgroup,5382,2019-03-20 15:56:32.265816+01,2019-03-20 15:56:32.265816+01
apt17,5383,2019-03-20 15:56:36.26326+01,2019-03-20 15:56:36.26326+01
axiom,5383,2019-03-20 15:56:36.264283+01,2019-03-20 15:56:36.264283+01
apt17,5384,2019-03-20 15:56:45.558901+01,2019-03-20 15:56:45.558901+01
apt1,5384,2019-03-20 15:56:45.559788+01,2019-03-20 15:56:45.559788+01
axiom,5384,2019-03-20 15:56:45.56067+01,2019-03-20 15:56:45.56067+01
dragonfly,5385,2019-03-20 15:56:52.100632+01,2019-03-20 15:56:52.100632+01
turla,5386,2019-03-20 15:57:00.295893+01,2019-03-20 15:57:00.295893+01
apt28,5386,2019-03-20 15:57:00.296906+01,2019-03-20 15:57:00.296906+01
menupass,5387,2019-03-20 15:57:09.169701+01,2019-03-20 15:57:09.169701+01
lazarusgroup,5388,2019-03-20 15:57:35.275327+01,2019-03-20 15:57:35.275327+01
bronzebutler,5389,2019-03-20 15:57:41.051367+01,2019-03-20 15:57:41.051367+01
lazarusgroup,5390,2019-03-20 15:57:44.244131+01,2019-03-20 15:57:44.244131+01
sandwormteam,5391,2019-03-20 15:57:52.267347+01,2019-03-20 15:57:52.267347+01
dragonfly,5391,2019-03-20 15:57:52.268521+01,2019-03-20 15:57:52.268521+01
platinum,5392,2019-03-20 15:57:55.148223+01,2019-03-20 15:57:55.148223+01
apt19,5393,2019-03-20 15:57:58.742016+01,2019-03-20 15:57:58.742016+01
apt28,5394,2019-03-20 15:58:05.530094+01,2019-03-20 15:58:05.530094+01
cobaltgroup,5395,2019-03-20 15:58:18.328317+01,2019-03-20 15:58:18.328317+01
apt32,5395,2019-03-20 15:58:18.329972+01,2019-03-20 15:58:18.329972+01
carbanak,5395,2019-03-20 15:58:18.331814+01,2019-03-20 15:58:18.331814+01
apt32,5396,2019-03-20 15:58:24.712561+01,2019-03-20 15:58:24.712561+01
apt3,5397,2019-03-20 15:58:27.775463+01,2019-03-20 15:58:27.775463+01
apt32,5398,2019-03-20 15:58:31.934939+01,2019-03-20 15:58:31.934939+01
ta459,5399,2019-03-20 15:58:44.875272+01,2019-03-20 15:58:44.875272+01
lazarusgroup,5400,2019-03-20 15:58:52.708262+01,2019-03-20 15:58:52.708262+01
lazarusgroup,5401,2019-03-20 15:59:05.004118+01,2019-03-20 15:59:05.004118+01
menupass,5402,2019-03-20 15:59:12.382462+01,2019-03-20 15:59:12.382462+01
threatgroup3390,5402,2019-03-20 15:59:12.383952+01,2019-03-20 15:59:12.383952+01
nightdragon,5402,2019-03-20 15:59:12.385724+01,2019-03-20 15:59:12.385724+01
apt18,5402,2019-03-20 15:59:12.38786+01,2019-03-20 15:59:12.38786+01
apt1,5402,2019-03-20 15:59:12.389883+01,2019-03-20 15:59:12.389883+01
ke3chang,5402,2019-03-20 15:59:12.390695+01,2019-03-20 15:59:12.390695+01
apt19,5402,2019-03-20 15:59:12.391425+01,2019-03-20 15:59:12.391425+01
turla,5403,2019-03-20 15:59:16.695924+01,2019-03-20 15:59:16.695924+01
apt29,5404,2019-03-20 15:59:26.066286+01,2019-03-20 15:59:26.066286+01
molerats,5405,2019-03-20 15:59:30.4764+01,2019-03-20 15:59:30.4764+01
fin7,5406,2019-03-20 15:59:32.936378+01,2019-03-20 15:59:32.936378+01
carbanak,5406,2019-03-20 15:59:32.937346+01,2019-03-20 15:59:32.937346+01
charmingkitten,5407,2019-03-20 15:59:37.75489+01,2019-03-20 15:59:37.75489+01
magichound,5407,2019-03-20 15:59:37.755748+01,2019-03-20 15:59:37.755748+01
menupass,5408,2019-03-20 15:59:40.553492+01,2019-03-20 15:59:40.553492+01
apt28,5408,2019-03-20 15:59:40.555216+01,2019-03-20 15:59:40.555216+01
turla,5408,2019-03-20 15:59:40.556097+01,2019-03-20 15:59:40.556097+01
gamaredongroup,5409,2019-03-20 15:59:44.581657+01,2019-03-20 15:59:44.581657+01
apt28,5410,2019-03-20 15:59:53.449326+01,2019-03-20 15:59:53.449326+01
magichound,5411,2019-03-20 15:59:59.563661+01,2019-03-20 15:59:59.563661+01
lazarusgroup,5412,2019-03-20 16:00:03.035657+01,2019-03-20 16:00:03.035657+01
magichound,5413,2019-03-20 16:00:20.649621+01,2019-03-20 16:00:20.649621+01
magichound,5414,2019-03-20 16:00:24.797203+01,2019-03-20 16:00:24.797203+01
lazarusgroup,5415,2019-03-20 16:00:28.093007+01,2019-03-20 16:00:28.093007+01
apt29,5416,2019-03-20 16:00:37.46601+01,2019-03-20 16:00:37.46601+01
apt28,5416,2019-03-20 16:00:37.467329+01,2019-03-20 16:00:37.467329+01
sandwormteam,5416,2019-03-20 16:00:37.468175+01,2019-03-20 16:00:37.468175+01
apt19,5417,2019-03-20 16:00:45.986988+01,2019-03-20 16:00:45.986988+01
deeppanda,5417,2019-03-20 16:00:45.988212+01,2019-03-20 16:00:45.988212+01
apt28,5418,2019-03-20 16:00:59.819415+01,2019-03-20 16:00:59.819415+01
dragonok,5419,2019-03-20 16:01:08.863064+01,2019-03-20 16:01:08.863064+01
oilrig,5420,2019-03-20 16:01:11.585935+01,2019-03-20 16:01:11.585935+01
carbanak,5421,2019-03-20 16:01:13.946042+01,2019-03-20 16:01:13.946042+01
apt28,5422,2019-03-20 16:01:17.100998+01,2019-03-20 16:01:17.100998+01
dragonfly,5422,2019-03-20 16:01:17.102004+01,2019-03-20 16:01:17.102004+01
turla,5422,2019-03-20 16:01:17.102852+01,2019-03-20 16:01:17.102852+01
apt29,5422,2019-03-20 16:01:17.104041+01,2019-03-20 16:01:17.104041+01
sandwormteam,5422,2019-03-20 16:01:17.107006+01,2019-03-20 16:01:17.107006+01
apt28,5423,2019-03-20 16:01:19.728024+01,2019-03-20 16:01:19.728024+01
apt28,5424,2019-03-20 16:01:23.305493+01,2019-03-20 16:01:23.305493+01
apt28,5425,2019-03-20 16:01:25.935893+01,2019-03-20 16:01:25.935893+01
apt28,5426,2019-03-20 16:01:29.781352+01,2019-03-20 16:01:29.781352+01
apt28,5427,2019-03-20 16:01:33.720437+01,2019-03-20 16:01:33.720437+01
neodymium,5427,2019-03-20 16:01:33.721213+01,2019-03-20 16:01:33.721213+01
platinum,5427,2019-03-20 16:01:33.721915+01,2019-03-20 16:01:33.721915+01
promethium,5427,2019-03-20 16:01:33.722617+01,2019-03-20 16:01:33.722617+01
carbanak,5428,2019-03-20 16:01:44.503993+01,2019-03-20 16:01:44.503993+01
apt29,5429,2019-03-20 16:01:48.191176+01,2019-03-20 16:01:48.191176+01
sandwormteam,5430,2019-03-20 16:01:54.189582+01,2019-03-20 16:01:54.189582+01
dragonfly,5430,2019-03-20 16:01:54.190177+01,2019-03-20 16:01:54.190177+01
apt28,5431,2019-03-20 16:02:11.752091+01,2019-03-20 16:02:11.752091+01
apt28,5432,2019-03-20 16:02:16.864942+01,2019-03-20 16:02:16.864942+01
apt28,5433,2019-03-20 16:02:19.74328+01,2019-03-20 16:02:19.74328+01
apt12,5433,2019-03-20 16:02:19.744393+01,2019-03-20 16:02:19.744393+01
apt1,5433,2019-03-20 16:02:19.745262+01,2019-03-20 16:02:19.745262+01
turla,5433,2019-03-20 16:02:19.746242+01,2019-03-20 16:02:19.746242+01
apt3,5433,2019-03-20 16:02:19.746999+01,2019-03-20 16:02:19.746999+01
apt28,5434,2019-03-20 16:02:23.192563+01,2019-03-20 16:02:23.192563+01
equation,5434,2019-03-20 16:02:23.193474+01,2019-03-20 16:02:23.193474+01
lazarusgroup,5434,2019-03-20 16:02:23.194209+01,2019-03-20 16:02:23.194209+01
darkhotel,5434,2019-03-20 16:02:23.195485+01,2019-03-20 16:02:23.195485+01
apt1,5434,2019-03-20 16:02:23.196769+01,2019-03-20 16:02:23.196769+01
turla,5434,2019-03-20 16:02:23.197641+01,2019-03-20 16:02:23.197641+01
darkhotel,5435,2019-03-20 16:02:25.788531+01,2019-03-20 16:02:25.788531+01
apt28,5436,2019-03-20 16:02:29.459392+01,2019-03-20 16:02:29.459392+01
apt28,5437,2019-03-20 16:02:32.86222+01,2019-03-20 16:02:32.86222+01
apt3,5438,2019-03-20 16:02:42.455144+01,2019-03-20 16:02:42.455144+01
stealthfalcon,5439,2019-03-20 16:02:46.72568+01,2019-03-20 16:02:46.72568+01
carbanak,5440,2019-03-20 16:02:49.389682+01,2019-03-20 16:02:49.389682+01
carbanak,5441,2019-03-20 16:02:52.188004+01,2019-03-20 16:02:52.188004+01
strider,5442,2019-03-20 16:02:54.73211+01,2019-03-20 16:02:54.73211+01
patchwork,5443,2019-03-20 16:02:57.875686+01,2019-03-20 16:02:57.875686+01
patchwork,5444,2019-03-20 16:03:00.603956+01,2019-03-20 16:03:00.603956+01
patchwork,5445,2019-03-20 16:03:03.139383+01,2019-03-20 16:03:03.139383+01
patchwork,5446,2019-03-20 16:03:10.448464+01,2019-03-20 16:03:10.448464+01
darkhotel,5447,2019-03-20 16:03:20.382868+01,2019-03-20 16:03:20.382868+01
apt28,5448,2019-03-20 16:03:25.397372+01,2019-03-20 16:03:25.397372+01
scarletmimic,5449,2019-03-20 16:03:27.713261+01,2019-03-20 16:03:27.713261+01
apt28,5450,2019-03-20 16:03:31.893132+01,2019-03-20 16:03:31.893132+01
apt1,5451,2019-03-20 16:03:35.722248+01,2019-03-20 16:03:35.722248+01
apt30,5451,2019-03-20 16:03:35.723078+01,2019-03-20 16:03:35.723078+01
apt28,5452,2019-03-20 16:03:37.939068+01,2019-03-20 16:03:37.939068+01
apt29,5452,2019-03-20 16:03:37.940548+01,2019-03-20 16:03:37.940548+01
apt37,5453,2019-03-20 16:03:43.579734+01,2019-03-20 16:03:43.579734+01
apt37,5454,2019-03-20 16:03:46.122825+01,2019-03-20 16:03:46.122825+01
apt28,5455,2019-03-20 16:03:48.744905+01,2019-03-20 16:03:48.744905+01
apt28,5456,2019-03-20 16:03:52.937188+01,2019-03-20 16:03:52.937188+01
group5,5457,2019-03-20 16:03:57.890081+01,2019-03-20 16:03:57.890081+01
apt28,5458,2019-03-20 16:04:00.307968+01,2019-03-20 16:04:00.307968+01
darkhotel,5459,2019-03-20 16:04:03.091529+01,2019-03-20 16:04:03.091529+01
apt28,5460,2019-03-20 16:04:08.301682+01,2019-03-20 16:04:08.301682+01
apt29,5460,2019-03-20 16:04:08.303782+01,2019-03-20 16:04:08.303782+01
stealthfalcon,5461,2019-03-20 16:04:21.763025+01,2019-03-20 16:04:21.763025+01
apt28,5461,2019-03-20 16:04:21.764048+01,2019-03-20 16:04:21.764048+01
apt12,5462,2019-03-20 16:04:24.828501+01,2019-03-20 16:04:24.828501+01
lazarusgroup,5463,2019-03-20 16:04:27.174922+01,2019-03-20 16:04:27.174922+01
dragonok,5464,2019-03-20 16:04:31.336755+01,2019-03-20 16:04:31.336755+01
apt16,5464,2019-03-20 16:04:31.337743+01,2019-03-20 16:04:31.337743+01
admin338,5464,2019-03-20 16:04:31.338624+01,2019-03-20 16:04:31.338624+01
platinum,5464,2019-03-20 16:04:31.339486+01,2019-03-20 16:04:31.339486+01
ke3chang,5465,2019-03-20 16:04:38.405796+01,2019-03-20 16:04:38.405796+01
apt1,5465,2019-03-20 16:04:38.446708+01,2019-03-20 16:04:38.446708+01
turla,5466,2019-03-20 16:04:43.164775+01,2019-03-20 16:04:43.164775+01
apt19,5467,2019-03-20 16:05:11.070143+01,2019-03-20 16:05:11.070143+01
apt28,5468,2019-03-20 16:05:19.722125+01,2019-03-20 16:05:19.722125+01
carbanak,5469,2019-03-20 16:05:22.511698+01,2019-03-20 16:05:22.511698+01
apt28,5469,2019-03-20 16:05:22.512592+01,2019-03-20 16:05:22.512592+01
taidoor,5470,2019-03-20 16:05:37.708022+01,2019-03-20 16:05:37.708022+01
suckfly,5471,2019-03-20 16:05:43.936839+01,2019-03-20 16:05:43.936839+01
winntigroup,5471,2019-03-20 16:05:43.937819+01,2019-03-20 16:05:43.937819+01
scarletmimic,5472,2019-03-20 16:05:47.350737+01,2019-03-20 16:05:47.350737+01
apt12,5473,2019-03-20 16:06:02.926591+01,2019-03-20 16:06:02.926591+01
cleaver,5473,2019-03-20 16:06:02.927514+01,2019-03-20 16:06:02.927514+01
axiom,5473,2019-03-20 16:06:02.928305+01,2019-03-20 16:06:02.928305+01
lazarusgroup,5473,2019-03-20 16:06:02.928978+01,2019-03-20 16:06:02.928978+01
turla,5473,2019-03-20 16:06:02.930117+01,2019-03-20 16:06:02.930117+01
duststorm,5474,2019-03-20 16:06:08.65383+01,2019-03-20 16:06:08.65383+01
apt1,5474,2019-03-20 16:06:08.654761+01,2019-03-20 16:06:08.654761+01
apt28,5475,2019-03-20 16:06:12.540548+01,2019-03-20 16:06:12.540548+01
cleaver,5476,2019-03-20 16:06:22.448554+01,2019-03-20 16:06:22.448554+01
apt28,5476,2019-03-20 16:06:22.4498+01,2019-03-20 16:06:22.4498+01
deeppanda,5476,2019-03-20 16:06:22.450711+01,2019-03-20 16:06:22.450711+01
naikon,5476,2019-03-20 16:06:22.451449+01,2019-03-20 16:06:22.451449+01
dragonfly,5476,2019-03-20 16:06:22.452242+01,2019-03-20 16:06:22.452242+01
putterpanda,5476,2019-03-20 16:06:22.452929+01,2019-03-20 16:06:22.452929+01
apt29,5476,2019-03-20 16:06:22.454841+01,2019-03-20 16:06:22.454841+01
ke3chang,5476,2019-03-20 16:06:22.455547+01,2019-03-20 16:06:22.455547+01
apt1,5476,2019-03-20 16:06:22.456914+01,2019-03-20 16:06:22.456914+01
axiom,5476,2019-03-20 16:06:22.458509+01,2019-03-20 16:06:22.458509+01
sandwormteam,5476,2019-03-20 16:06:22.459648+01,2019-03-20 16:06:22.459648+01
elderwood,5476,2019-03-20 16:06:22.460962+01,2019-03-20 16:06:22.460962+01
equation,5476,2019-03-20 16:06:22.461602+01,2019-03-20 16:06:22.461602+01
lazarusgroup,5476,2019-03-20 16:06:22.462446+01,2019-03-20 16:06:22.462446+01
carbanak,5476,2019-03-20 16:06:22.463217+01,2019-03-20 16:06:22.463217+01
leviathan,5476,2019-03-20 16:06:22.464748+01,2019-03-20 16:06:22.464748+01
turla,5476,2019-03-20 16:06:22.465384+01,2019-03-20 16:06:22.465384+01
lotusblossom,5477,2019-03-20 16:06:26.490473+01,2019-03-20 16:06:26.490473+01
lotusblossom,5478,2019-03-20 16:06:33.276003+01,2019-03-20 16:06:33.276003+01
turla,5479,2019-03-20 16:06:35.930666+01,2019-03-20 16:06:35.930666+01
scarletmimic,5480,2019-03-20 16:06:40.084451+01,2019-03-20 16:06:40.084451+01
putterpanda,5480,2019-03-20 16:06:40.086048+01,2019-03-20 16:06:40.086048+01
sandwormteam,5481,2019-03-20 16:06:42.44482+01,2019-03-20 16:06:42.44482+01
equation,5482,2019-03-20 16:06:45.052669+01,2019-03-20 16:06:45.052669+01
pittytiger,5482,2019-03-20 16:06:45.05375+01,2019-03-20 16:06:45.05375+01
apt12,5483,2019-03-20 16:07:04.746362+01,2019-03-20 16:07:04.746362+01
carbanak,5484,2019-03-20 16:07:08.831811+01,2019-03-20 16:07:08.831811+01
darkhotel,5484,2019-03-20 16:07:08.833519+01,2019-03-20 16:07:08.833519+01
cleaver,5485,2019-03-20 16:07:11.59939+01,2019-03-20 16:07:11.59939+01
ke3chang,5486,2019-03-20 16:07:14.678116+01,2019-03-20 16:07:14.678116+01
apt28,5487,2019-03-20 16:07:21.299785+01,2019-03-20 16:07:21.299785+01
rtm,5487,2019-03-20 16:07:21.301234+01,2019-03-20 16:07:21.301234+01
magichound,5488,2019-03-20 16:07:31.719305+01,2019-03-20 16:07:31.719305+01
molerats,5489,2019-03-20 16:07:35.611433+01,2019-03-20 16:07:35.611433+01
cleaver,5490,2019-03-20 16:07:38.174863+01,2019-03-20 16:07:38.174863+01
carbanak,5491,2019-03-20 16:07:41.027606+01,2019-03-20 16:07:41.027606+01
darkhotel,5492,2019-03-20 16:07:43.99046+01,2019-03-20 16:07:43.99046+01
deeppanda,5493,2019-03-20 16:07:55.18619+01,2019-03-20 16:07:55.18619+01
apt29,5494,2019-03-20 16:08:03.498904+01,2019-03-20 16:08:03.498904+01
apt28,5494,2019-03-20 16:08:03.500901+01,2019-03-20 16:08:03.500901+01
apt1,5494,2019-03-20 16:08:03.502316+01,2019-03-20 16:08:03.502316+01
turla,5494,2019-03-20 16:08:03.503754+01,2019-03-20 16:08:03.503754+01
sandwormteam,5494,2019-03-20 16:08:03.506921+01,2019-03-20 16:08:03.506921+01
sandwormteam,5495,2019-03-20 16:08:08.112285+01,2019-03-20 16:08:08.112285+01
deeppanda,5496,2019-03-20 16:08:12.62599+01,2019-03-20 16:08:12.62599+01
elderwood,5496,2019-03-20 16:08:12.627955+01,2019-03-20 16:08:12.627955+01
apt29,5497,2019-03-20 16:08:17.591844+01,2019-03-20 16:08:17.591844+01
apt29,5498,2019-03-20 16:08:20.137424+01,2019-03-20 16:08:20.137424+01
moafee,5499,2019-03-20 16:08:27.150558+01,2019-03-20 16:08:27.150558+01
dragonok,5499,2019-03-20 16:08:27.152355+01,2019-03-20 16:08:27.152355+01
apt29,5500,2019-03-20 16:08:29.592048+01,2019-03-20 16:08:29.592048+01
apt29,5501,2019-03-20 16:08:33.047105+01,2019-03-20 16:08:33.047105+01
axiom,5502,2019-03-20 16:08:47.858222+01,2019-03-20 16:08:47.858222+01
winntigroup,5502,2019-03-20 16:08:47.859347+01,2019-03-20 16:08:47.859347+01
lotusblossom,5503,2019-03-20 16:08:53.014853+01,2019-03-20 16:08:53.014853+01
naikon,5504,2019-03-20 16:08:59.470491+01,2019-03-20 16:08:59.470491+01
apt30,5504,2019-03-20 16:08:59.472165+01,2019-03-20 16:08:59.472165+01
equation,5505,2019-03-20 16:09:06.468975+01,2019-03-20 16:09:06.468975+01
apt1,5505,2019-03-20 16:09:06.470205+01,2019-03-20 16:09:06.470205+01
turla,5505,2019-03-20 16:09:06.471413+01,2019-03-20 16:09:06.471413+01
magichound,5506,2019-03-20 16:09:18.572548+01,2019-03-20 16:09:18.572548+01
equation,5507,2019-03-20 16:09:24.21793+01,2019-03-20 16:09:24.21793+01
naikon,5508,2019-03-20 16:09:47.197346+01,2019-03-20 16:09:47.197346+01
menupass,5508,2019-03-20 16:09:47.19926+01,2019-03-20 16:09:47.19926+01
apt30,5508,2019-03-20 16:09:47.200358+01,2019-03-20 16:09:47.200358+01
molerats,5510,2019-03-20 16:10:14.163763+01,2019-03-20 16:10:14.163763+01
apt3,5511,2019-03-20 16:10:16.880273+01,2019-03-20 16:10:16.880273+01
apt29,5512,2019-03-20 16:10:19.761897+01,2019-03-20 16:10:19.761897+01
apt29,5513,2019-03-20 16:10:22.845053+01,2019-03-20 16:10:22.845053+01
leviathan,5513,2019-03-20 16:10:22.848606+01,2019-03-20 16:10:22.848606+01
apt28,5514,2019-03-20 16:10:25.033972+01,2019-03-20 16:10:25.033972+01
apt28,5515,2019-03-20 16:10:27.780907+01,2019-03-20 16:10:27.780907+01
naikon,5516,2019-03-20 16:10:34.233602+01,2019-03-20 16:10:34.233602+01
ke3chang,5516,2019-03-20 16:10:34.23528+01,2019-03-20 16:10:34.23528+01
equation,5516,2019-03-20 16:10:34.237225+01,2019-03-20 16:10:34.237225+01
apt30,5517,2019-03-20 16:10:41.681701+01,2019-03-20 16:10:41.681701+01
rtm,5518,2019-03-20 16:10:50.703671+01,2019-03-20 16:10:50.703671+01
axiom,5518,2019-03-20 16:10:50.704993+01,2019-03-20 16:10:50.704993+01
magichound,5519,2019-03-20 16:11:00.650813+01,2019-03-20 16:11:00.650813+01
equation,5520,2019-03-20 16:11:04.780642+01,2019-03-20 16:11:04.780642+01
deeppanda,5521,2019-03-20 16:11:11.884726+01,2019-03-20 16:11:11.884726+01
ke3chang,5522,2019-03-20 16:11:19.40156+01,2019-03-20 16:11:19.40156+01
leviathan,5522,2019-03-20 16:11:19.403355+01,2019-03-20 16:11:19.403355+01
apt28,5523,2019-03-20 16:11:23.421511+01,2019-03-20 16:11:23.421511+01
deeppanda,5523,2019-03-20 16:11:23.423047+01,2019-03-20 16:11:23.423047+01
apt19,5523,2019-03-20 16:11:23.424049+01,2019-03-20 16:11:23.424049+01
menupass,5523,2019-03-20 16:11:23.425032+01,2019-03-20 16:11:23.425032+01
turla,5524,2019-03-20 16:11:30.642731+01,2019-03-20 16:11:30.642731+01
carbanak,5525,2019-03-20 16:11:35.158645+01,2019-03-20 16:11:35.158645+01
apt28,5526,2019-03-20 16:11:44.357084+01,2019-03-20 16:11:44.357084+01
naikon,5526,2019-03-20 16:11:44.358672+01,2019-03-20 16:11:44.358672+01
dragonfly,5526,2019-03-20 16:11:44.359919+01,2019-03-20 16:11:44.359919+01
charmingkitten,5526,2019-03-20 16:11:44.360983+01,2019-03-20 16:11:44.360983+01
deeppanda,5526,2019-03-20 16:11:44.362415+01,2019-03-20 16:11:44.362415+01
magichound,5526,2019-03-20 16:11:44.36322+01,2019-03-20 16:11:44.36322+01
threatgroup3390,5526,2019-03-20 16:11:44.364+01,2019-03-20 16:11:44.364+01
turla,5526,2019-03-20 16:11:44.364846+01,2019-03-20 16:11:44.364846+01
ke3chang,5526,2019-03-20 16:11:44.365662+01,2019-03-20 16:11:44.365662+01
taidoor,5526,2019-03-20 16:11:44.366249+01,2019-03-20 16:11:44.366249+01
apt3,5526,2019-03-20 16:11:44.366891+01,2019-03-20 16:11:44.366891+01
apt1,5526,2019-03-20 16:11:44.367453+01,2019-03-20 16:11:44.367453+01
menupass,5526,2019-03-20 16:11:44.368012+01,2019-03-20 16:11:44.368012+01
putterpanda,5526,2019-03-20 16:11:44.36916+01,2019-03-20 16:11:44.36916+01
apt12,5526,2019-03-20 16:11:44.369688+01,2019-03-20 16:11:44.369688+01
apt18,5526,2019-03-20 16:11:44.370519+01,2019-03-20 16:11:44.370519+01
dragonfly20,5526,2019-03-20 16:11:44.371364+01,2019-03-20 16:11:44.371364+01
apt28,5527,2019-03-20 16:11:47.195236+01,2019-03-20 16:11:47.195236+01
turla,5528,2019-03-20 16:12:08.001245+01,2019-03-20 16:12:08.001245+01
turla,5529,2019-03-20 16:12:13.380261+01,2019-03-20 16:12:13.380261+01
carbanak,5530,2019-03-20 16:12:23.940844+01,2019-03-20 16:12:23.940844+01
turla,5531,2019-03-20 16:13:00.437264+01,2019-03-20 16:13:00.437264+01
cleaver,5532,2019-03-20 16:13:03.071835+01,2019-03-20 16:13:03.071835+01
deeppanda,5533,2019-03-20 16:13:10.665936+01,2019-03-20 16:13:10.665936+01
turla,5534,2019-03-20 16:13:16.349641+01,2019-03-20 16:13:16.349641+01
apt3,5535,2019-03-20 16:13:25.620084+01,2019-03-20 16:13:25.620084+01
elderwood,5536,2019-03-20 16:13:39.535927+01,2019-03-20 16:13:39.535927+01
sandwormteam,5537,2019-03-20 16:13:42.175251+01,2019-03-20 16:13:42.175251+01
turla,5538,2019-03-20 16:13:44.372903+01,2019-03-20 16:13:44.372903+01
darkhotel,5539,2019-03-20 16:13:48.215708+01,2019-03-20 16:13:48.215708+01
darkhotel,5540,2019-03-20 16:13:52.940664+01,2019-03-20 16:13:52.940664+01
darkhotel,5541,2019-03-20 16:13:58.250742+01,2019-03-20 16:13:58.250742+01
sandwormteam,5542,2019-03-20 16:14:01.400991+01,2019-03-20 16:14:01.400991+01
apt28,5543,2019-03-20 16:14:17.125193+01,2019-03-20 16:14:17.125193+01
magichound,5543,2019-03-20 16:14:17.126434+01,2019-03-20 16:14:17.126434+01
apt12,5543,2019-03-20 16:14:17.127766+01,2019-03-20 16:14:17.127766+01
axiom,5544,2019-03-20 16:14:20.67688+01,2019-03-20 16:14:20.67688+01
dragonfly,5545,2019-03-20 16:14:23.666103+01,2019-03-20 16:14:23.666103+01
apt1,5546,2019-03-20 16:14:30.34592+01,2019-03-20 16:14:30.34592+01
axiom,5547,2019-03-20 16:14:33.303534+01,2019-03-20 16:14:33.303534+01
deeppanda,5547,2019-03-20 16:14:33.304875+01,2019-03-20 16:14:33.304875+01
elderwood,5547,2019-03-20 16:14:33.306128+01,2019-03-20 16:14:33.306128+01
apt17,5547,2019-03-20 16:14:33.307235+01,2019-03-20 16:14:33.307235+01
leviathan,5548,2019-03-20 16:14:38.404578+01,2019-03-20 16:14:38.404578+01
apt28,5549,2019-03-20 16:14:42.21751+01,2019-03-20 16:14:42.21751+01
apt28,5550,2019-03-20 16:14:44.845345+01,2019-03-20 16:14:44.845345+01
axiom,5551,2019-03-20 16:14:50.020694+01,2019-03-20 16:14:50.020694+01
sandwormteam,5552,2019-03-20 16:14:56.330869+01,2019-03-20 16:14:56.330869+01
apt28,5552,2019-03-20 16:14:56.332015+01,2019-03-20 16:14:56.332015+01
apt1,5553,2019-03-20 16:15:13.647399+01,2019-03-20 16:15:13.647399+01
moafee,5554,2019-03-20 16:15:17.306668+01,2019-03-20 16:15:17.306668+01
dragonok,5554,2019-03-20 16:15:17.308159+01,2019-03-20 16:15:17.308159+01
apt12,5555,2019-03-20 16:15:22.512701+01,2019-03-20 16:15:22.512701+01
apt1,5555,2019-03-20 16:15:22.513899+01,2019-03-20 16:15:22.513899+01
apt1,5556,2019-03-20 16:15:27.807754+01,2019-03-20 16:15:27.807754+01
patchwork,5556,2019-03-20 16:15:27.80907+01,2019-03-20 16:15:27.80907+01
ke3chang,5557,2019-03-20 16:15:33.139657+01,2019-03-20 16:15:33.139657+01
apt12,5558,2019-03-20 16:15:35.676791+01,2019-03-20 16:15:35.676791+01
turla,5559,2019-03-20 16:15:56.889298+01,2019-03-20 16:15:56.889298+01
apt1,5560,2019-03-20 16:16:16.117201+01,2019-03-20 16:16:16.117201+01
dragonfly,5561,2019-03-20 16:16:19.823236+01,2019-03-20 16:16:19.823236+01
turla,5561,2019-03-20 16:16:19.824336+01,2019-03-20 16:16:19.824336+01
dragonfly,5562,2019-03-20 16:16:24.793435+01,2019-03-20 16:16:24.793435+01
magichound,5563,2019-03-20 16:16:28.976454+01,2019-03-20 16:16:28.976454+01
pittytiger,5564,2019-03-20 16:16:33.601546+01,2019-03-20 16:16:33.601546+01
turla,5564,2019-03-20 16:16:33.60253+01,2019-03-20 16:16:33.60253+01
turla,5565,2019-03-20 16:16:36.487805+01,2019-03-20 16:16:36.487805+01
turla,5566,2019-03-20 16:16:42.389105+01,2019-03-20 16:16:42.389105+01
apt12,5567,2019-03-20 16:16:53.112914+01,2019-03-20 16:16:53.112914+01
magichound,5568,2019-03-20 16:17:03.042322+01,2019-03-20 16:17:03.042322+01
magichound,5569,2019-03-20 16:17:08.52681+01,2019-03-20 16:17:08.52681+01
apt3,5570,2019-03-20 16:17:10.945432+01,2019-03-20 16:17:10.945432+01
turla,5571,2019-03-20 16:17:13.621547+01,2019-03-20 16:17:13.621547+01
apt1,5572,2019-03-20 16:17:19.75776+01,2019-03-20 16:17:19.75776+01
turla,5572,2019-03-20 16:17:19.758817+01,2019-03-20 16:17:19.758817+01
deeppanda,5573,2019-03-20 16:17:34.007713+01,2019-03-20 16:17:34.007713+01
molerats,5574,2019-03-20 16:17:42.533782+01,2019-03-20 16:17:42.533782+01
apt17,5575,2019-03-20 16:17:44.897306+01,2019-03-20 16:17:44.897306+01
nightdragon,5576,2019-03-20 16:17:58.480882+01,2019-03-20 16:17:58.480882+01
elderwood,5576,2019-03-20 16:17:58.482914+01,2019-03-20 16:17:58.482914+01
nightdragon,5577,2019-03-20 16:18:08.369007+01,2019-03-20 16:18:08.369007+01
ke3chang,5578,2019-03-20 16:18:15.227717+01,2019-03-20 16:18:15.227717+01
apt1,5578,2019-03-20 16:18:15.228917+01,2019-03-20 16:18:15.228917+01
turla,5578,2019-03-20 16:18:15.229888+01,2019-03-20 16:18:15.229888+01
taidoor,5579,2019-03-20 16:18:25.417547+01,2019-03-20 16:18:25.417547+01
naikon,5580,2019-03-20 16:18:33.718836+01,2019-03-20 16:18:33.718836+01
ke3chang,5580,2019-03-20 16:18:33.720322+01,2019-03-20 16:18:33.720322+01
taidoor,5580,2019-03-20 16:18:33.721517+01,2019-03-20 16:18:33.721517+01
apt1,5580,2019-03-20 16:18:33.722695+01,2019-03-20 16:18:33.722695+01
patchwork,5580,2019-03-20 16:18:33.724167+01,2019-03-20 16:18:33.724167+01
apt12,5581,2019-03-20 16:18:37.434462+01,2019-03-20 16:18:37.434462+01
taidoor,5581,2019-03-20 16:18:37.436285+01,2019-03-20 16:18:37.436285+01
apt1,5581,2019-03-20 16:18:37.437319+01,2019-03-20 16:18:37.437319+01
elderwood,5582,2019-03-20 16:18:41.9037+01,2019-03-20 16:18:41.9037+01
apt1,5582,2019-03-20 16:18:41.904912+01,2019-03-20 16:18:41.904912+01
apt17,5583,2019-03-20 16:18:44.42509+01,2019-03-20 16:18:44.42509+01
apt17,5584,2019-03-20 16:18:50.167675+01,2019-03-20 16:18:50.167675+01
molerats,5585,2019-03-20 16:18:53.88086+01,2019-03-20 16:18:53.88086+01
menupass,5586,2019-03-20 16:18:58.266063+01,2019-03-20 16:18:58.266063+01
admin338,5586,2019-03-20 16:18:58.266873+01,2019-03-20 16:18:58.266873+01
apt1,5586,2019-03-20 16:18:58.267642+01,2019-03-20 16:18:58.267642+01
apt12,5587,2019-03-20 16:19:04.401081+01,2019-03-20 16:19:04.401081+01
patchwork,5588,2019-03-20 16:19:12.525466+01,2019-03-20 16:19:12.525466+01
patchwork,5589,2019-03-20 16:19:19.880513+01,2019-03-20 16:19:19.880513+01
patchwork,5590,2019-03-20 16:19:24.809544+01,2019-03-20 16:19:24.809544+01
apt1,5591,2019-03-20 16:20:00.031604+01,2019-03-20 16:20:00.031604+01
ke3chang,5591,2019-03-20 16:20:00.033227+01,2019-03-20 16:20:00.033227+01
nightdragon,5591,2019-03-20 16:20:00.034557+01,2019-03-20 16:20:00.034557+01
elderwood,5591,2019-03-20 16:20:00.035425+01,2019-03-20 16:20:00.035425+01
apt19,5592,2019-03-20 16:20:05.558751+01,2019-03-20 16:20:05.558751+01
ke3chang,5592,2019-03-20 16:20:05.56036+01,2019-03-20 16:20:05.56036+01
patchwork,5593,2019-03-20 16:20:12.121179+01,2019-03-20 16:20:12.121179+01
patchwork,5594,2019-03-20 16:20:16.55292+01,2019-03-20 16:20:16.55292+01
winntigroup,5595,2019-03-20 16:20:24.734025+01,2019-03-20 16:20:24.734025+01
bronzebutler,5596,2019-03-20 16:20:39.223845+01,2019-03-20 16:20:39.223845+01
apt1,5596,2019-03-20 16:20:39.225439+01,2019-03-20 16:20:39.225439+01
bronzebutler,5597,2019-03-20 16:20:46.538121+01,2019-03-20 16:20:46.538121+01
apt1,5598,2019-03-20 16:21:08.808333+01,2019-03-20 16:21:08.808333+01
apt1,5599,2019-03-20 16:21:14.606584+01,2019-03-20 16:21:14.606584+01
nightdragon,5599,2019-03-20 16:21:14.608466+01,2019-03-20 16:21:14.608466+01
elderwood,5599,2019-03-20 16:21:14.610422+01,2019-03-20 16:21:14.610422+01
bronzebutler,5600,2019-03-20 16:21:21.846868+01,2019-03-20 16:21:21.846868+01
nightdragon,5600,2019-03-20 16:21:21.848443+01,2019-03-20 16:21:21.848443+01
apt1,5601,2019-03-20 16:21:33.306083+01,2019-03-20 16:21:33.306083+01
nightdragon,5602,2019-03-20 16:21:41.094687+01,2019-03-20 16:21:41.094687+01
taidoor,5603,2019-03-20 16:21:55.008097+01,2019-03-20 16:21:55.008097+01
apt19,5604,2019-03-20 16:21:58.190279+01,2019-03-20 16:21:58.190279+01
ke3chang,5605,2019-03-20 16:22:01.243025+01,2019-03-20 16:22:01.243025+01
apt12,5606,2019-03-20 16:22:27.930839+01,2019-03-20 16:22:27.930839+01
apt12,5607,2019-03-20 16:22:57.401534+01,2019-03-20 16:22:57.401534+01
taidoor,5607,2019-03-20 16:22:57.402545+01,2019-03-20 16:22:57.402545+01
nightdragon,5608,2019-03-20 16:23:14.058987+01,2019-03-20 16:23:14.058987+01
apt1,5608,2019-03-20 16:23:14.060353+01,2019-03-20 16:23:14.060353+01
nightdragon,5609,2019-03-20 16:23:25.240019+01,2019-03-20 16:23:25.240019+01
nightdragon,5610,2019-03-20 16:23:44.99491+01,2019-03-20 16:23:44.99491+01
putterpanda,5611,2019-03-20 16:23:54.668057+01,2019-03-20 16:23:54.668057+01
equation,5612,2019-03-20 16:24:01.698896+01,2019-03-20 16:24:01.698896+01
equation,5613,2019-03-20 16:24:42.332647+01,2019-03-20 16:24:42.332647+01
apt19,5627,2019-03-20 17:23:39.913574+01,2019-03-20 17:23:39.913574+01
menupass,5627,2019-03-20 17:23:39.914971+01,2019-03-20 17:23:39.914971+01
apt16,5627,2019-03-20 17:23:39.916099+01,2019-03-20 17:23:39.916099+01
apt32,5627,2019-03-20 17:23:39.91702+01,2019-03-20 17:23:39.91702+01
apt3,5627,2019-03-20 17:23:39.917985+01,2019-03-20 17:23:39.917985+01
apt17,5627,2019-03-20 17:23:39.918792+01,2019-03-20 17:23:39.918792+01
apt30,5627,2019-03-20 17:23:39.919478+01,2019-03-20 17:23:39.919478+01
apt1,5627,2019-03-20 17:23:39.920133+01,2019-03-20 17:23:39.920133+01
apt29,5627,2019-03-20 17:23:39.920821+01,2019-03-20 17:23:39.920821+01
oilrig,5627,2019-03-20 17:23:39.921469+01,2019-03-20 17:23:39.921469+01
apt28,5627,2019-03-20 17:23:39.923064+01,2019-03-20 17:23:39.923064+01
apt33,5627,2019-03-20 17:23:39.923699+01,2019-03-20 17:23:39.923699+01
apt37,5627,2019-03-20 17:23:39.924868+01,2019-03-20 17:23:39.924868+01
apt12,5627,2019-03-20 17:23:39.927264+01,2019-03-20 17:23:39.927264+01
apt18,5627,2019-03-20 17:23:39.92937+01,2019-03-20 17:23:39.92937+01
equation,5685,2019-03-20 17:25:01.775145+01,2019-03-20 17:25:01.775145+01
naikon,5685,2019-03-20 17:25:01.776449+01,2019-03-20 17:25:01.776449+01
ke3chang,5685,2019-03-20 17:25:01.777516+01,2019-03-20 17:25:01.777516+01
platinum,5685,2019-03-20 17:25:01.779929+01,2019-03-20 17:25:01.779929+01
